1005,2098,doppio,4.24
1087,2065,cortado,1.39
1135,2056,marocchino,2.57
1236,2034,canned,7.31
1250,2065,au-lait,10.24
1014,2085,cappuccino,3.81
1035,2041,au-lait,11.78
1156,2079,frappuccino,4.11
1163,2075,americano,13.78
1020,2003,guatemalan,10.31
1118,2003,mocha frappuccino,9.58
1215,2006,bombon,4.91
1182,2031,macchiato,4.66
1127,2047,guatemalan,13.54
1266,2002,columbian,5.20
1269,2040,doppio,8.87
1180,2017,rudesheimer,7.57
1125,2050,viennese,1.90
1125,2050,viennese,1.90
1019,2001,touba,14.29
1210,2070,viennese,4.85
1190,2057,mocha frappuccino,8.20
1152,2002,nicaraguan,13.08
1028,2077,peruvian,2.65
1217,2016,zorro,12.21
1048,2066,mexican,11.45
1163,2019,folgers,11.99
1162,2062,columbian,3.82
1242,2045,affogato,2.33
1157,2051,mexican,8.95
1174,2036,ristretto,9.28
1228,2057,mocha frappuccino,8.20
1130,2067,affogato,6.34
1099,2002,cubano,12.91
1241,2026,zorro,6.55
1177,2019,ristretto,8.30
1124,2004,cubano,12.42
1134,2068,breve,4.60
1080,2036,ristretto,9.28
1228,2098,doppio,4.24
1081,2013,breve,12.42
1119,2001,decaffeinated,1.04
1027,2006,mocha,13.99
1213,2042,pharisaer,10.32
1064,2067,nicaraguan,11.54
1016,2065,bombon,7.28
1274,2008,medici,14.51
1043,2079,botz,14.34
1205,2092,ethiopian,14.70
1184,2070,espresso,2.18
1100,2065,peruvian,11.63
1125,2003,mocha,14.26
1134,2098,botz,8.85
1175,2057,mocha frappuccino,8.20
1064,2029,sumatran,4.69
1115,2065,cortado,1.39
1150,2008,venezuelan,7.94
1208,2013,canned,5.24
1120,2049,palazzo,4.27
1160,2076,kona,1.40
1055,2042,carajillo,13.29
1061,2087,marocchino,5.99
1236,2092,ethiopian,14.70
1127,2035,cappuccino,14.52
1235,2098,doppio,4.24
1231,2016,americano,3.40
1254,2058,affogato,10.67
1274,2101,au-lait,4.89
1239,2070,espresso,2.18
1068,2100,iced,1.28
1031,2064,pocillo,4.09
1118,2002,nicaraguan,13.08
1123,2037,espresso,7.24
1039,2095,canned,5.11
1224,2014,galao,1.64
1006,2098,mexican,9.66
1153,2089,viennese,4.07
1150,2090,au-lait,6.98
1182,2078,ethiopian,9.50
1284,2075,doppio,1.20
1060,2043,kona,1.12
1257,2077,costa rican,13.61
1056,2010,melya,6.58
1271,2003,mocha frappuccino,9.58
1200,2072,peruvian,2.57
1177,2038,mocha,8.29
1088,2091,au-lait,4.33
1266,2087,rudesheimer,3.23
1218,2039,palazzo,13.50
1246,2059,kona,14.33
1015,2079,mocha frappuccino,4.84
1188,2081,touba,5.58
1008,2050,viennese,1.90
1098,2058,doppio,6.51
1072,2089,cappuccino,13.64
1118,2001,macchiato,12.13
1012,2005,shakerato,2.00
1071,2067,affogato,6.34
1004,2062,viennese,12.61
1078,2075,pharisaer,11.78
1067,2052,mexican,11.47
1062,2083,gommosa,12.59
1259,2065,palazzo,1.02
1210,2043,decaffeinated,1.59
1261,2083,mocha frappuccino,14.46
1044,2015,cortado,1.72
1042,2082,doppio,5.07
1261,2075,cappuccino,7.24
1071,2070,guillermo,11.74
1206,2051,mexican,8.95
1127,2046,ethiopian,3.99
1127,2046,ethiopian,3.99
1249,2087,rudesheimer,3.23
1157,2071,ristretto,10.95
1254,2048,antoccino,12.45
1030,2015,breve,9.27
1132,2065,cortado,1.39
1225,2066,nicaraguan,4.05
1048,2089,columbian,9.29
1281,2054,cubano,13.54
1089,2058,affogato,10.67
1134,2093,latte,4.89
1205,2002,nicaraguan,13.08
1021,2077,indonesian,13.08
1269,2100,iced,1.28
1101,2083,gommosa,12.59
1276,2060,guillermo,5.18
1179,2081,frappuccino,3.95
1007,2032,indonesian,10.50
1054,2003,mocha,14.26
1052,2052,irish,1.35
1100,2010,melya,6.58
1204,2046,palazzo,6.76
1001,2040,doppio,8.87
1044,2042,carajillo,13.29
1201,2075,cortado,8.78
1152,2006,bombon,4.91
1185,2065,cortado,1.39
1092,2040,macchiato,10.99
1019,2078,folgers,1.76
1103,2014,galao,1.64
1213,2049,breve,9.79
1014,2069,medici,12.95
1194,2007,viennese,9.34
1151,2077,guatemalan,7.62
1042,2064,mexican,8.26
1118,2099,folgers,9.46
1107,2023,touba,9.68
1042,2091,instant,7.91
1055,2014,cubano,4.09
1012,2092,ethiopian,14.70
1008,2003,mocha frappuccino,9.58
1128,2056,sumatran,2.11
1056,2027,au-lait,10.20
1181,2087,guatemalan,8.82
1203,2098,mexican,9.66
1056,2003,mocha,14.26
1183,2065,mocha frappuccino,12.74
1070,2031,kona,3.56
1138,2027,melya,8.70
1227,2100,cappuccino,12.50
1123,2075,pharisaer,11.78
1221,2034,cubano,1.43
1109,2060,shakerato,5.34
1195,2080,nicaraguan,8.31
1074,2013,breve,12.42
1099,2019,melya,2.55
1130,2049,indonesian,1.51
1103,2062,latte,9.82
1278,2049,marocchino,7.23
1234,2034,frappuccino,8.40
1215,2074,botz,4.65
1110,2056,palazzo,13.82
1240,2080,nicaraguan,8.31
1025,2019,melya,2.55
1015,2093,ristretto,13.76
1086,2013,canned,5.24
1035,2097,mazagran,9.16
1261,2059,bombon,7.14
1157,2032,guatemalan,13.02
1109,2002,cubano,12.91
1240,2034,frappuccino,8.40
1052,2041,latte,8.61
1132,2016,americano,3.40
1030,2013,canned,5.24
1065,2022,shakerato,11.40
1227,2067,nicaraguan,11.54
1050,2083,galao,3.41
1252,2081,mazagran,4.22
1062,2087,nicaraguan,8.77
1113,2072,peruvian,2.57
1139,2098,melya,11.52
1239,2078,folgers,1.76
1026,2085,touba,6.63
1261,2021,folgers,6.66
1055,2087,nicaraguan,8.77
1261,2002,macchiato,10.11
1014,2083,galao,3.41
1181,2005,cubano,3.76
1160,2017,doppio,7.32
1238,2051,guillermo,12.25
1141,2035,cappuccino,14.52
1175,2082,affogato,7.03
1016,2087,rudesheimer,3.23
1086,2090,mocha frappuccino,14.09
1024,2065,cortado,1.39
1005,2085,marocchino,12.15
1027,2022,cappuccino,2.74
1080,2101,guillermo,13.80
1255,2016,americano,3.40
1156,2095,affogato,1.40
1156,2095,affogato,1.40
1142,2079,mexican,6.14
1149,2065,peruvian,11.63
1010,2036,costa rican,1.60
1155,2033,instant,11.78
1015,2099,gommosa,4.78
1005,2080,costa rican,12.60
1063,2043,antoccino,3.92
1045,2088,kona,1.89
1008,2098,mexican,9.66
1177,2039,palazzo,13.50
1116,2055,folgers,6.38
1086,2031,au-lait,12.57
1060,2030,indonesian,6.52
1034,2052,irish,1.35
1197,2022,gommosa,8.48
1225,2097,melya,1.15
1148,2046,ethiopian,3.99
1043,2062,mocha frappuccino,14.07
1077,2079,carajillo,12.74
1062,2026,au-lait,2.73
1210,2036,zorro,3.13
1111,2019,palazzo,6.63
1006,2039,columbian,11.15
1263,2010,rudesheimer,6.79
1006,2038,breve,7.27
1019,2004,gommosa,5.45
1258,2015,cortado,1.72
1107,2034,frappuccino,8.40
1257,2063,irish,2.84
1139,2034,frappuccino,8.40
1282,2065,au-lait,10.24
1165,2033,nicaraguan,8.11
1172,2069,peruvian,9.67
1237,2062,kona,2.40
1166,2041,pharisaer,8.30
1209,2051,mexican,8.95
1159,2062,columbian,3.82
1230,2023,espresso,4.43
1071,2085,touba,6.63
1002,2013,breve,12.42
1170,2014,galao,1.64
1012,2080,costa rican,12.60
1196,2099,folgers,9.46
1086,2026,zorro,6.55
1248,2013,latte,4.41
1084,2046,costa rican,3.10
1013,2054,mexican,10.63
1179,2071,ethiopian,7.46
1248,2062,mocha frappuccino,14.07
1123,2096,guillermo,14.74
1253,2036,ristretto,9.28
1188,2062,columbian,3.82
1175,2005,shakerato,2.00
1257,2100,iced,1.28
1090,2049,palazzo,4.27
1051,2065,bombon,7.28
1192,2033,ethiopian,4.19
1012,2059,instant,13.00
1203,2027,latte,7.41
1242,2022,cubano,8.85
1058,2081,viennese,11.55
1088,2029,sumatran,4.69
1280,2065,au-lait,10.24
1028,2099,gommosa,4.78
1145,2006,breve,12.49
1065,2073,mazagran,14.87
1236,2003,costa rican,4.78
1056,2088,peruvian,11.85
1006,2034,cubano,1.43
1267,2061,medici,11.61
1132,2046,americano,5.85
1242,2035,costa rican,14.00
1227,2035,cappuccino,14.52
1157,2070,shakerato,1.98
1122,2023,folgers,8.46
1184,2050,viennese,1.90
1195,2074,canned,2.41
1036,2099,gommosa,4.78
1215,2062,kona,2.40
1208,2043,antoccino,3.92
1086,2022,mocha frappuccino,4.68
1043,2035,gommosa,10.11
1153,2047,guatemalan,13.54
1032,2043,antoccino,3.92
1033,2079,ristretto,12.02
1095,2090,au-lait,6.98
1228,2077,irish,13.95
1087,2075,cappuccino,7.24
1183,2095,affogato,1.40
1283,2005,iced,3.62
1247,2080,marocchino,3.96
1101,2089,antoccino,3.43
1034,2017,ristretto,8.27
1011,2061,medici,11.61
1081,2016,americano,3.40
1059,2066,nicaraguan,4.05
1185,2062,latte,9.82
1031,2047,guatemalan,13.54
1166,2086,pocillo,6.29
1007,2066,mazagran,2.27
1272,2085,kona,2.65
1052,2069,medici,12.95
1243,2065,bombon,7.28
1128,2095,shakerato,1.58
1095,2003,mocha frappuccino,9.58
1190,2056,palazzo,13.82
1156,2093,carajillo,3.10
1144,2089,cappuccino,13.64
1102,2076,cortado,7.28
1102,2076,cortado,7.28
1183,2043,kona,1.12
1246,2039,columbian,11.15
1168,2071,ristretto,10.95
1271,2025,melya,12.00
1110,2038,cubano,4.34
1239,2024,au-lait,6.11
1240,2002,macchiato,10.11
1261,2070,shakerato,1.98
1199,2037,folgers,5.75
1095,2071,ethiopian,7.46
1028,2075,viennese,3.84
1175,2058,mexican,10.42
1206,2060,shakerato,5.34
1090,2005,iced,3.62
1175,2016,rudesheimer,3.11
1217,2016,cappuccino,1.56
1041,2094,shakerato,6.23
1280,2020,irish,10.85
1218,2028,guillermo,14.75
1187,2040,canned,14.57
1159,2007,doppio,6.26
1180,2035,costa rican,14.00
1050,2053,indonesian,9.51
1153,2006,mocha,13.99
1109,2040,canned,14.57
1117,2002,macchiato,10.11
1183,2085,antoccino,7.79
1067,2100,cappuccino,12.50
1219,2035,botz,9.97
1080,2094,costa rican,11.35
1075,2006,venezuelan,5.66
1242,2076,cortado,7.28
1115,2001,touba,14.29
1175,2098,melya,11.52
1202,2070,latte,9.15
1182,2074,botz,4.65
1062,2081,mazagran,4.22
1168,2016,americano,3.40
1228,2053,indonesian,9.51
1104,2019,touba,14.51
1237,2057,ethiopian,8.06
1145,2099,columbian,11.71
1048,2024,cortado,3.82
1100,2012,gommosa,13.28
1146,2038,breve,7.27
1216,2009,carajillo,12.93
1234,2006,bombon,4.91
1018,2020,pocillo,14.92
1037,2045,affogato,2.33
1047,2025,viennese,6.62
1216,2076,doppio,12.42
1045,2045,ristretto,12.18
1192,2060,antoccino,6.59
1256,2070,viennese,4.85
1253,2093,viennese,4.75
1233,2054,viennese,12.74
1109,2034,antoccino,8.18
1063,2069,medici,12.95
1078,2065,cortado,1.39
1094,2091,mexican,13.61
1017,2082,affogato,7.03
1106,2082,affogato,7.03
1088,2051,sumatran,13.67
1234,2087,guillermo,2.94
1024,2084,irish,10.81
1223,2022,gommosa,8.48
1232,2007,doppio,6.26
1084,2099,columbian,11.71
1283,2006,bombon,4.91
1146,2004,breve,7.24
1193,2079,botz,14.34
1048,2100,cappuccino,12.50
1174,2019,melya,2.55
1073,2073,mazagran,14.87
1199,2090,indonesian,3.92
1063,2009,mexican,11.21
1097,2042,doppio,8.04
1037,2049,palazzo,4.27
1114,2051,ristretto,7.52
1057,2054,mexican,10.63
1201,2059,gommosa,4.81
1026,2013,latte,4.41
1107,2081,botz,1.11
1219,2007,viennese,9.34
1088,2076,cortado,7.28
1174,2029,au-lait,3.61
1074,2091,nicaraguan,7.70
1236,2098,pocillo,12.05
1275,2032,indonesian,10.50
1033,2065,nicaraguan,10.22
1038,2051,mexican,8.95
1053,2023,espresso,4.43
1260,2030,nicaraguan,4.58
1238,2046,espresso,2.13
1278,2081,frappuccino,3.95
1233,2091,cappuccino,12.37
1005,2069,decaffeinated,8.55
1141,2091,cappuccino,12.37
1040,2051,sumatran,13.67
1116,2089,columbian,9.29
1247,2075,guatemalan,2.57
1254,2045,au-lait,9.29
1226,2060,gommosa,3.96
1219,2019,irish,3.97
1025,2076,cortado,7.28
1210,2072,peruvian,2.57
1156,2059,bombon,7.14
1172,2052,sumatran,2.99
1223,2011,americano,11.49
1098,2058,instant,10.82
1040,2025,melya,12.00
1167,2040,mocha,2.39
1211,2077,galao,4.77
1194,2085,touba,6.63
1104,2001,macchiato,12.13
1277,2070,viennese,4.85
1071,2018,kona,4.50
1109,2091,cappuccino,12.37
1029,2009,peruvian,13.89
1280,2085,marocchino,12.15
1152,2055,folgers,6.38
1043,2091,au-lait,4.33
1209,2077,galao,4.77
1084,2100,cappuccino,12.50
1016,2091,cappuccino,12.37
1028,2077,guatemalan,7.62
1196,2036,americano,4.98
1037,2005,cubano,3.76
1224,2057,touba,9.00
1153,2064,mexican,8.26
1107,2002,cubano,12.91
1093,2041,carajillo,13.91
1061,2075,guatemalan,2.57
1236,2058,instant,10.82
1009,2022,viennese,2.68
1020,2033,nicaraguan,8.11
1132,2051,mexican,8.95
1149,2009,carajillo,12.93
1001,2071,ethiopian,7.46
1001,2071,ethiopian,7.46
1166,2097,mazagran,9.16
1152,2069,au-lait,7.21
1050,2034,cubano,1.43
1236,2017,rudesheimer,7.57
1248,2027,au-lait,10.20
1004,2039,columbian,11.15
1191,2010,rudesheimer,6.79
1065,2026,zorro,6.55
1151,2081,frappuccino,3.95
1077,2011,americano,11.49
1205,2079,mocha frappuccino,4.84
1042,2023,espresso,4.43
1133,2016,costa rican,11.30
1077,2006,bombon,4.91
1049,2025,viennese,6.62
1168,2031,macchiato,4.66
1170,2030,nicaraguan,4.58
1125,2020,irish,10.85
1055,2086,cortado,11.61
1175,2014,cubano,4.09
1108,2050,viennese,1.90
1108,2101,au-lait,4.89
1088,2019,folgers,11.99
1183,2017,doppio,7.32
1154,2064,pocillo,4.09
1154,2064,pocillo,4.09
1097,2070,au-lait,13.76
1046,2081,viennese,11.55
1079,2093,ristretto,13.76
1196,2085,kona,2.65
1223,2091,au-lait,4.33
1001,2025,melya,12.00
1168,2042,mazagran,9.50
1076,2097,melya,1.15
1025,2001,columbian,10.77
1116,2100,decaffeinated,14.35
1038,2099,columbian,11.71
1195,2045,peruvian,6.85
1046,2054,venezuelan,4.32
1259,2057,guatemalan,7.27
1207,2092,ethiopian,14.70
1211,2035,cappuccino,14.52
1116,2001,macchiato,12.13
1014,2005,ristretto,10.45
1022,2021,canned,13.80
1140,2095,canned,5.11
1278,2089,viennese,4.07
1014,2091,instant,7.91
1080,2054,viennese,12.74
1193,2043,kona,1.12
1240,2043,kona,1.12
1226,2046,espresso,2.13
1080,2075,doppio,1.20
1183,2041,au-lait,11.78
1283,2035,costa rican,14.00
1067,2044,kona,11.08
1151,2065,cortado,1.39
1212,2075,guatemalan,2.57
1061,2057,mocha frappuccino,8.20
1213,2051,mexican,8.95
1279,2089,viennese,4.07
1044,2045,au-lait,9.29
1110,2022,cubano,8.85
1045,2059,ethiopian,7.41
1234,2081,costa rican,1.25
1030,2065,bombon,7.28
1105,2032,rudesheimer,14.93
1065,2080,cappuccino,5.02
1193,2031,frappuccino,3.66
1131,2065,mocha frappuccino,12.74
1268,2036,ristretto,9.28
1137,2091,cappuccino,12.37
1275,2072,costa rican,3.18
1109,2057,touba,9.00
1108,2040,doppio,8.87
1176,2004,bombon,7.01
1116,2030,gommosa,9.63
1092,2075,viennese,3.84
1015,2076,folgers,14.47
1245,2039,cubano,1.03
1030,2029,au-lait,3.61
1098,2062,mocha frappuccino,14.07
1240,2062,pocillo,10.01
1273,2025,melya,12.00
1149,2017,folgers,1.16
1098,2021,canned,13.80
1042,2095,affogato,1.40
1172,2058,affogato,10.67
1016,2030,gommosa,9.63
1249,2012,kona,12.67
1102,2010,rudesheimer,6.79
1066,2030,gommosa,9.63
1056,2043,kona,1.12
1216,2016,affogato,12.24
1065,2033,touba,2.20
1201,2062,kona,2.40
1167,2032,rudesheimer,14.93
1251,2045,affogato,2.33
1283,2030,gommosa,9.63
1244,2048,mazagran,8.75
1269,2091,cappuccino,12.37
1215,2086,pocillo,6.29
1118,2098,pocillo,12.05
1212,2081,botz,1.11
1255,2014,galao,1.64
1117,2081,touba,5.58
1250,2046,americano,5.85
1043,2028,instant,3.99
1138,2100,cappuccino,12.50
1051,2001,touba,14.29
1148,2017,folgers,1.16
1047,2043,canned,9.90
1003,2051,mexican,8.95
1085,2033,ethiopian,4.19
1014,2053,indonesian,9.51
1055,2007,viennese,9.34
1240,2075,pharisaer,11.78
1074,2065,nicaraguan,10.22
1246,2002,macchiato,10.11
1089,2022,cappuccino,2.74
1045,2094,shakerato,6.23
1143,2074,espresso,9.96
1043,2035,rudesheimer,4.36
1014,2027,melya,8.70
1247,2026,zorro,6.55
1007,2023,macchiato,2.33
1147,2006,mocha,13.99
1258,2008,bombon,2.82
1239,2045,peruvian,6.85
1248,2016,costa rican,11.30
1095,2085,cappuccino,3.81
1189,2010,mocha frappuccino,1.97
1207,2046,ethiopian,3.99
1013,2011,americano,11.49
1079,2014,cubano,4.09
1158,2064,au-lait,7.09
1273,2055,folgers,6.38
1127,2044,americano,12.66
1106,2091,instant,7.91
1173,2029,sumatran,4.69
1243,2051,sumatran,13.67
1031,2044,americano,12.66
1128,2085,marocchino,12.15
1148,2047,guatemalan,13.54
1093,2036,costa rican,1.60
1216,2071,galao,6.36
1070,2014,touba,9.76
1076,2032,nicaraguan,11.62
1060,2101,guillermo,13.80
1144,2002,nicaraguan,13.08
1210,2043,canned,9.90
1279,2046,canned,12.21
1031,2032,rudesheimer,14.93
1096,2081,mocha frappuccino,2.62
1216,2088,kona,1.89
1243,2035,rudesheimer,4.36
1125,2034,antoccino,8.18
1175,2051,ristretto,7.52
1101,2098,botz,8.85
1175,2038,mocha,8.29
1220,2026,zorro,6.55
1255,2065,palazzo,1.02
1081,2081,mocha frappuccino,2.62
1121,2082,doppio,5.07
1083,2051,guillermo,12.25
1103,2098,mexican,9.66
1207,2002,nicaraguan,13.08
1204,2060,peruvian,2.54
1166,2019,palazzo,6.63
1109,2060,peruvian,2.54
1227,2066,mazagran,2.27
1267,2007,doppio,6.26
1221,2093,frappuccino,10.70
1221,2060,antoccino,6.59
1058,2093,viennese,4.75
1064,2021,canned,13.80
1143,2032,ethiopian,1.26
1008,2081,mazagran,4.22
1120,2065,au-lait,10.24
1256,2004,cubano,12.42
1194,2075,americano,13.78
1047,2030,gommosa,9.63
1127,2040,mocha,2.39
1147,2053,peruvian,14.74
1108,2034,rudesheimer,11.80
1148,2024,au-lait,6.11
1132,2003,espresso,8.77
1159,2081,frappuccino,3.95
1129,2076,venezuelan,11.39
1058,2098,botz,8.85
1272,2078,doppio,11.77
1168,2091,instant,7.91
1169,2008,bombon,2.82
1122,2085,antoccino,7.79
1236,2081,botz,1.11
1047,2024,cappuccino,11.75
1201,2002,cubano,12.91
1249,2095,affogato,1.40
1090,2090,mocha frappuccino,14.09
1066,2024,cortado,3.82
1237,2040,macchiato,10.99
1183,2091,instant,7.91
1095,2075,mazagran,11.24
1097,2035,gommosa,10.11
1125,2031,au-lait,12.57
1146,2050,viennese,1.90
1059,2034,antoccino,8.18
1076,2094,shakerato,6.23
1017,2064,au-lait,7.09
1006,2098,melya,11.52
1187,2060,guillermo,5.18
1283,2077,peruvian,2.65
1278,2076,kona,1.40
1182,2075,pharisaer,11.78
1098,2053,iced,10.08
1214,2019,palazzo,6.63
1190,2003,guatemalan,10.31
1193,2059,ethiopian,7.41
1258,2049,palazzo,4.27
1260,2071,galao,6.36
1257,2082,doppio,5.07
1007,2002,frappuccino,1.13
1005,2052,sumatran,2.99
1198,2038,cubano,4.34
1209,2009,peruvian,13.89
1179,2058,doppio,6.51
1150,2077,guatemalan,7.62
1026,2043,canned,9.90
1016,2101,au-lait,4.89
1164,2066,cortado,8.41
1045,2041,marocchino,5.51
1060,2020,kona,6.44
1035,2074,espresso,9.96
1159,2048,mazagran,8.75
1186,2078,doppio,11.77
1210,2097,melya,1.15
1257,2006,venezuelan,5.66
1052,2014,cubano,4.09
1016,2100,ristretto,11.86
1123,2019,melya,2.55
1263,2001,pharisaer,7.76
1155,2101,guillermo,13.80
1238,2006,venezuelan,5.66
1060,2060,breve,2.11
1037,2062,mocha frappuccino,14.07
1137,2065,cortado,1.39
1249,2054,mexican,10.63
1207,2005,ristretto,10.45
1075,2059,instant,13.00
1267,2090,indonesian,3.92
1204,2081,touba,5.58
1261,2075,pharisaer,11.78
1078,2074,canned,2.41
1033,2090,indonesian,3.92
1033,2090,indonesian,3.92
1023,2023,macchiato,2.33
1155,2042,doppio,8.04
1043,2072,peruvian,2.57
1185,2054,mexican,10.63
1143,2007,viennese,9.34
1245,2017,ristretto,8.27
1019,2013,breve,12.42
1092,2004,cubano,12.42
1120,2081,viennese,11.55
1133,2100,touba,3.11
1069,2086,kona,12.05
1124,2009,peruvian,13.89
1095,2083,mocha frappuccino,14.46
1168,2017,doppio,7.32
1115,2040,mexican,9.97
1192,2098,indonesian,5.48
1086,2075,doppio,1.20
1199,2019,melya,2.55
1200,2062,columbian,3.82
1217,2062,viennese,12.61
1094,2058,latte,11.31
1186,2062,columbian,3.82
1113,2016,americano,3.40
1227,2051,mexican,8.95
1055,2080,nicaraguan,8.31
1039,2100,ristretto,11.86
1082,2089,viennese,4.07
1089,2038,mocha,8.29
1023,2057,mocha frappuccino,8.20
1038,2039,cappuccino,2.56
1240,2015,cortado,1.72
1062,2065,peruvian,11.63
1151,2029,sumatran,4.69
1173,2100,mazagran,14.60
1164,2043,antoccino,3.92
1181,2075,iced,8.01
1161,2090,indonesian,3.92
1268,2046,melya,1.59
1265,2075,cappuccino,7.24
1273,2015,cortado,1.72
1144,2057,touba,9.00
1101,2088,doppio,10.38
1258,2043,antoccino,3.92
1270,2049,indonesian,1.51
1201,2030,nicaraguan,4.58
1218,2036,ristretto,9.28
1049,2003,mocha frappuccino,9.58
1113,2053,ethiopian,4.66
1245,2078,doppio,11.77
1061,2075,doppio,1.20
1118,2085,gommosa,3.24
1244,2055,folgers,6.38
1049,2091,mexican,13.61
1262,2069,peruvian,9.67
1257,2045,au-lait,9.29
1239,2033,ethiopian,4.19
1017,2074,botz,4.65
1279,2010,pocillo,5.67
1167,2066,mexican,11.45
1248,2049,marocchino,7.23
1014,2045,ristretto,12.18
1008,2033,touba,2.20
1020,2091,mexican,13.61
1233,2001,columbian,10.77
1178,2009,folgers,11.76
1143,2065,palazzo,1.02
1082,2081,costa rican,1.25
1200,2052,mexican,11.47
1049,2082,canned,11.19
1274,2071,shakerato,5.55
1274,2059,kona,14.33
1070,2085,galao,12.72
1232,2020,pocillo,14.92
1134,2086,pocillo,6.29
1162,2059,ethiopian,7.41
1002,2035,rudesheimer,4.36
1240,2078,ethiopian,9.50
1158,2075,cappuccino,7.24
1112,2041,venezuelan,9.50
1030,2066,nicaraguan,4.05
1169,2071,carajillo,8.40
1271,2083,mocha frappuccino,14.46
1027,2031,frappuccino,3.66
1259,2049,indonesian,1.51
1244,2035,gommosa,10.11
1171,2040,doppio,8.87
1246,2091,palazzo,4.47
1068,2071,ristretto,10.95
1230,2087,latte,3.09
1247,2098,mexican,9.66
1184,2081,mazagran,4.22
1274,2029,mocha,3.68
1015,2029,sumatran,4.69
1070,2087,espresso,13.04
1135,2083,palazzo,11.88
1017,2009,peruvian,13.89
1092,2077,peruvian,2.65
1160,2041,au-lait,11.78
1070,2014,galao,1.64
1248,2100,cappuccino,12.50
1156,2014,galao,1.64
1069,2032,rudesheimer,14.93
1129,2007,doppio,6.26
1055,2064,mexican,8.26
1056,2012,kona,12.67
1265,2100,cappuccino,12.50
1080,2089,cappuccino,13.64
1136,2081,viennese,11.55
1213,2019,touba,14.51
1270,2090,au-lait,6.98
1012,2076,nicaraguan,5.08
1098,2024,au-lait,6.11
1254,2073,mazagran,14.87
1208,2029,mocha,3.68
1166,2054,venezuelan,4.32
1195,2045,espresso,3.57
1158,2073,rudesheimer,13.12
1254,2062,kona,2.40
1047,2014,touba,9.76
1083,2090,indonesian,3.92
1254,2084,guillermo,3.62
1022,2083,mocha frappuccino,14.46
1136,2018,guillermo,9.53
1272,2087,pocillo,12.45
1108,2071,ethiopian,7.46
1095,2060,costa rican,6.30
1222,2016,cappuccino,1.56
1134,2035,gommosa,10.11
1128,2083,palazzo,11.88
1107,2022,mocha frappuccino,4.68
1003,2056,sumatran,2.11
1065,2087,marocchino,5.99
1144,2058,macchiato,10.28
1196,2070,au-lait,13.76
1215,2036,ristretto,9.28
1163,2001,columbian,10.77
1279,2095,canned,5.11
1143,2052,sumatran,2.99
1040,2057,guatemalan,7.27
1097,2098,melya,11.52
1012,2062,kona,2.40
1003,2079,mexican,6.14
1081,2004,gommosa,5.45
1131,2100,touba,3.11
1220,2050,frappuccino,8.74
1164,2031,frappuccino,3.66
1022,2011,pocillo,6.55
1037,2040,gommosa,4.35
1079,2023,folgers,8.46
1239,2100,decaffeinated,14.35
1058,2034,frappuccino,8.40
1013,2010,mocha,8.96
1169,2055,instant,11.08
1236,2031,indonesian,13.91
1243,2087,gommosa,9.25
1126,2034,frappuccino,8.40
1271,2085,gommosa,3.24
1210,2019,melya,2.55
1051,2075,doppio,1.20
1189,2089,viennese,4.07
1094,2061,medici,11.61
1075,2086,cortado,11.61
1060,2002,canned,6.27
1057,2100,ristretto,11.86
1083,2024,cortado,3.82
1056,2079,mocha frappuccino,4.84
1014,2087,pocillo,12.45
1163,2040,mocha,2.39
1055,2085,cappuccino,3.81
1174,2053,peruvian,14.74
1012,2060,canned,13.87
1157,2078,antoccino,6.19
1255,2022,cappuccino,2.74
1090,2027,au-lait,10.20
1067,2032,nicaraguan,11.62
1258,2069,medici,12.95
1099,2077,irish,13.95
1258,2046,ethiopian,3.99
1226,2074,pharisaer,10.81
1056,2006,americano,13.80
1239,2050,viennese,1.90
1107,2005,iced,3.62
1227,2048,mazagran,8.75
1038,2087,gommosa,9.25
1045,2072,costa rican,3.18
1073,2041,carajillo,13.91
1084,2008,medici,14.51
1096,2091,columbian,11.48
1082,2033,ethiopian,4.19
1239,2065,bombon,7.28
1046,2071,ethiopian,7.46
1270,2098,au-lait,3.96
1133,2097,mazagran,9.16
1212,2095,shakerato,1.58
1125,2087,espresso,13.04
1279,2078,ethiopian,9.50
1279,2078,ethiopian,9.50
1277,2076,decaffeinated,12.19
1028,2012,kona,12.67
1006,2076,iced,3.45
1093,2091,palazzo,4.47
1257,2045,affogato,2.33
1274,2070,espresso,2.18
1246,2001,cappuccino,12.76
1246,2082,doppio,5.07
1063,2021,folgers,6.66
1209,2071,antoccino,10.31
1021,2024,cappuccino,11.75
1215,2076,cortado,7.28
1037,2003,mocha frappuccino,9.58
1093,2029,au-lait,3.61
1231,2026,au-lait,2.73
1091,2031,macchiato,4.66
1233,2054,cubano,13.54
1223,2024,cappuccino,11.75
1213,2060,breve,2.11
1074,2046,espresso,2.13
1222,2027,latte,7.41
1269,2004,cubano,12.42
1111,2022,shakerato,11.40
1243,2065,palazzo,1.02
1016,2081,botz,1.11
1065,2001,pharisaer,7.76
1050,2014,sumatran,7.63
1058,2098,indonesian,5.48
1261,2060,canned,13.87
1111,2076,columbian,7.42
1160,2057,mocha frappuccino,8.20
1155,2031,kona,3.56
1035,2062,canned,7.92
1037,2093,viennese,4.75
1059,2046,espresso,2.13
1025,2041,au-lait,11.78
1226,2079,carajillo,12.74
1001,2038,mocha,8.29
1098,2068,bombon,13.59
1228,2019,irish,3.97
1245,2058,affogato,10.67
1108,2075,cortado,8.78
1084,2071,ristretto,10.95
1177,2101,au-lait,4.89
1075,2004,bombon,7.01
1057,2010,mocha frappuccino,1.97
1206,2084,carajillo,1.93
1144,2001,affogato,1.10
1248,2037,folgers,5.75
1052,2011,gommosa,12.35
1019,2012,instant,3.15
1242,2091,au-lait,4.33
1057,2062,kona,2.40
1081,2087,guillermo,2.94
1245,2086,pocillo,6.29
1016,2005,ristretto,10.45
1022,2036,ristretto,9.28
1279,2011,gommosa,12.35
1075,2059,bombon,7.14
1031,2085,touba,6.63
1162,2005,ristretto,10.45
1169,2031,frappuccino,3.66
1209,2006,venezuelan,5.66
1193,2010,pocillo,5.67
1168,2014,palazzo,6.47
1213,2014,touba,9.76
1273,2042,carajillo,13.29
1228,2016,costa rican,11.30
1153,2058,costa rican,3.78
1025,2022,mocha frappuccino,4.68
1005,2053,peruvian,14.74
1272,2082,affogato,7.03
1186,2049,marocchino,7.23
1050,2030,gommosa,9.63
1212,2091,columbian,11.48
1217,2091,cappuccino,12.37
1274,2079,carajillo,12.74
1139,2017,ristretto,8.27
1153,2036,ristretto,9.28
1203,2026,zorro,6.55
1269,2082,kona,11.81
1230,2065,cortado,1.39
1268,2083,gommosa,12.59
1096,2079,mocha frappuccino,4.84
1186,2005,ristretto,10.45
1045,2001,columbian,10.77
1001,2076,nicaraguan,5.08
1040,2075,americano,13.78
1164,2003,guatemalan,10.31
1112,2048,antoccino,12.45
1003,2040,gommosa,4.35
1091,2038,mocha,8.29
1122,2021,canned,13.80
1001,2032,touba,10.61
1277,2085,gommosa,3.24
1134,2065,mocha frappuccino,12.74
1041,2034,canned,7.31
1015,2075,pharisaer,11.78
1148,2016,americano,3.40
1260,2026,mocha frappuccino,10.72
1084,2083,galao,3.41
1070,2097,melya,1.15
1049,2033,instant,11.78
1206,2052,mexican,11.47
1279,2034,frappuccino,8.40
1279,2034,frappuccino,8.40
1212,2087,rudesheimer,3.23
1186,2055,irish,12.61
1087,2083,mocha frappuccino,14.46
1261,2075,cortado,8.78
1124,2052,sumatran,2.99
1266,2074,botz,4.65
1065,2035,costa rican,14.00
1277,2001,pharisaer,7.76
1189,2079,mexican,6.14
1244,2079,frappuccino,4.11
1244,2079,frappuccino,4.11
1073,2018,venezuelan,3.05
1193,2099,columbian,11.71
1192,2053,cortado,2.14
1151,2091,instant,7.91
1020,2057,ethiopian,8.06
1200,2090,cubano,14.84
1092,2046,palazzo,6.76
1029,2077,guatemalan,7.62
1070,2074,melya,14.22
1167,2035,cappuccino,14.52
1276,2082,kona,11.81
1010,2081,mocha frappuccino,2.62
1010,2081,mocha frappuccino,2.62
1010,2001,cappuccino,12.76
1012,2013,breve,12.42
1022,2002,nicaraguan,13.08
1136,2100,cappuccino,12.50
1003,2057,guillermo,1.08
1236,2046,melya,1.59
1065,2014,galao,1.64
1159,2014,cubano,4.09
1052,2028,instant,3.99
1129,2026,zorro,6.55
1137,2070,latte,9.15
1168,2053,cortado,2.14
1158,2005,iced,3.62
1179,2040,macchiato,10.99
1019,2076,venezuelan,11.39
1100,2076,columbian,7.42
1024,2079,mocha frappuccino,4.84
1275,2085,antoccino,7.79
1067,2003,guatemalan,10.31
1122,2026,espresso,4.73
1230,2020,irish,10.85
1036,2011,gommosa,12.35
1079,2068,breve,4.60
1194,2046,melya,1.59
1117,2022,cubano,8.85
1277,2026,galao,7.88
1171,2051,sumatran,13.67
1207,2075,iced,8.01
1067,2079,frappuccino,4.11
1162,2086,pocillo,6.29
1019,2034,cubano,1.43
1177,2031,medici,9.67
1194,2010,mocha frappuccino,1.97
1079,2056,sumatran,2.11
1275,2085,cappuccino,3.81
1143,2055,instant,11.08
1203,2042,carajillo,13.29
1251,2057,guillermo,1.08
1140,2101,guillermo,13.80
1177,2027,latte,7.41
1105,2090,indonesian,3.92
1266,2065,nicaraguan,10.22
1083,2040,mexican,9.97
1175,2041,au-lait,11.78
1118,2037,folgers,5.75
1058,2081,costa rican,1.25
1278,2094,rudesheimer,5.83
1010,2015,touba,9.67
1103,2094,shakerato,6.23
1053,2049,indonesian,1.51
1032,2065,bombon,7.28
1108,2046,canned,12.21
1051,2048,antoccino,12.45
1238,2079,mexican,6.14
1202,2019,touba,14.51
1141,2090,latte,5.99
1126,2091,cappuccino,12.37
1003,2048,antoccino,12.45
1073,2088,kona,1.89
1209,2066,cortado,8.41
1239,2084,guillermo,3.62
1110,2042,pharisaer,10.32
1119,2055,instant,11.08
1104,2044,americano,12.66
1126,2067,nicaraguan,11.54
1041,2046,espresso,2.13
1114,2046,americano,5.85
1028,2097,mazagran,9.16
1018,259,mazagran,8.67
1005,2031,frappuccino,3.66
1209,2002,nicaraguan,13.08
1172,2065,cortado,1.39
1237,2094,rudesheimer,5.83
1208,2028,cubano,4.32
1219,2002,macchiato,10.11
1085,2019,irish,3.97
1222,2049,peruvian,5.74
1149,2091,columbian,11.48
1132,2050,irish,14.92
1046,2027,latte,7.41
1028,2094,costa rican,11.35
1101,2018,venezuelan,3.05
1217,2058,macchiato,10.28
1166,2054,mexican,10.63
1076,2019,melya,2.55
1201,2051,mexican,8.95
1017,2074,canned,2.41
1094,2023,macchiato,2.33
1127,2058,doppio,6.51
1283,2080,costa rican,12.60
1029,2059,gommosa,4.81
1178,2031,indonesian,13.91
1245,2010,pocillo,5.67
1016,2004,cubano,12.42
1107,2024,au-lait,6.11
1107,2024,au-lait,6.11
1017,2075,viennese,3.84
1278,2099,decaffeinated,1.21
1043,2031,medici,9.67
1069,2066,cortado,8.41
1104,2002,canned,6.27
1110,2058,affogato,10.67
1195,2081,botz,1.11
1040,2097,venezuelan,3.53
1210,2086,pocillo,6.29
1189,2044,kona,11.08
1279,2075,cortado,8.78
1112,2066,mazagran,2.27
1073,2076,folgers,14.47
1012,2048,mazagran,8.75
1178,2071,galao,6.36
1072,2014,palazzo,6.47
1219,2009,peruvian,13.89
1198,2016,zorro,12.21
1221,2084,carajillo,1.93
1222,2046,espresso,2.13
1193,2021,folgers,6.66
1107,2001,touba,14.29
1061,2029,costa rican,4.78
1232,2070,viennese,4.85
1136,2077,irish,13.95
1162,2022,cubano,8.85
1210,2014,sumatran,7.63
1277,2041,marocchino,5.51
1100,2062,latte,9.82
1069,2054,viennese,12.74
1188,2078,folgers,1.76
1273,2059,bombon,7.14
1031,2018,venezuelan,3.05
1269,2062,kona,2.40
1118,2053,cortado,2.14
1149,2085,cappuccino,3.81
1030,2051,ristretto,7.52
1126,2071,ethiopian,7.46
1013,2023,folgers,8.46
1281,2101,guillermo,13.80
1277,2030,cortado,12.53
1175,2004,cubano,12.42
1230,2010,rudesheimer,6.79
1100,2091,columbian,11.48
1186,2017,folgers,1.16
1274,2005,ristretto,10.45
1137,2094,costa rican,11.35
1184,2052,sumatran,2.99
1240,2060,shakerato,5.34
1184,2063,columbian,8.31
1002,2044,americano,12.66
1088,2093,sumatran,12.88
1241,2065,au-lait,10.24
1203,2047,guatemalan,13.54
1138,2072,instant,6.72
1187,2030,cortado,12.53
1129,2002,canned,6.27
1067,2011,pocillo,6.55
1174,2091,palazzo,4.47
1282,2099,gommosa,4.78
1154,2073,mazagran,14.87
1233,2052,canned,11.95
1174,2090,latte,5.99
1178,2097,instant,13.59
1113,2051,guillermo,12.25
1200,2035,costa rican,14.00
1111,2009,folgers,11.76
1127,2075,iced,8.01
1260,2004,bombon,7.01
1085,2017,ristretto,8.27
1257,2090,cubano,14.84
1248,2051,ristretto,7.52
1082,2039,columbian,11.15
1270,2076,doppio,12.42
1247,2053,cortado,2.14
1140,2051,sumatran,13.67
1217,2038,mocha,8.29
1097,2005,shakerato,2.00
1192,2046,costa rican,3.10
1179,2063,mocha frappuccino,7.51
1202,2020,pocillo,14.92
1254,2019,folgers,11.99
1238,2049,indonesian,1.51
1012,2070,viennese,4.85
1232,2069,au-lait,7.21
1252,2027,melya,8.70
1046,2046,americano,5.85
1169,2077,irish,13.95
1127,2085,touba,6.63
1144,2091,au-lait,4.33
1099,2041,au-lait,11.78
1216,2097,venezuelan,3.53
1063,2010,mocha,8.96
1275,2090,au-lait,6.98
1153,2005,ristretto,10.45
1121,2070,latte,9.15
1033,2010,mocha,8.96
1261,2060,guillermo,5.18
1261,2060,guillermo,5.18
1120,2001,decaffeinated,1.04
1106,2100,cappuccino,12.50
1084,2090,latte,5.99
1099,2012,instant,3.15
1168,2062,pocillo,10.01
1050,2010,melya,6.58
1052,2074,espresso,9.96
1275,2064,au-lait,7.09
1215,2001,decaffeinated,1.04
1120,2093,carajillo,3.10
1045,2076,decaffeinated,12.19
1241,2050,viennese,1.90
1276,2052,sumatran,2.99
1076,2021,canned,13.80
1098,2016,cappuccino,1.56
1113,2064,mexican,8.26
1116,2071,ristretto,10.95
1178,2073,mazagran,14.87
1051,2090,latte,5.99
1088,2052,mexican,11.47
1001,2079,frappuccino,4.11
1079,2003,mocha frappuccino,9.58
1175,2014,palazzo,6.47
1265,2033,touba,2.20
1259,2026,espresso,4.73
1284,2080,marocchino,3.96
1097,2040,canned,14.57
1185,2015,cortado,1.72
1233,2035,cappuccino,14.52
1284,2001,pharisaer,7.76
1256,2084,guillermo,3.62
1242,2049,breve,9.79
1241,2097,melya,1.15
1179,2035,cappuccino,14.52
1083,2031,frappuccino,3.66
1270,2053,ethiopian,4.66
1023,2012,gommosa,13.28
1187,2083,mocha frappuccino,14.46
1241,2069,decaffeinated,8.55
1190,2098,au-lait,3.96
1268,2005,cubano,3.76
1059,2029,costa rican,4.78
1256,2010,iced,11.98
1045,2075,americano,13.78
1186,2040,canned,14.57
1041,2038,cubano,4.34
1237,2043,canned,9.90
1027,2010,pocillo,5.67
1029,2100,mazagran,14.60
1177,2075,americano,13.78
1001,2003,mocha,14.26
1220,2075,pharisaer,11.78
1200,2074,canned,2.41
1121,2029,sumatran,4.69
1119,2088,doppio,10.38
1008,2014,cubano,4.09
1177,2009,folgers,11.76
1183,2028,guillermo,14.75
1247,2059,kona,14.33
1137,2026,zorro,6.55
1175,2072,indonesian,2.09
1221,2052,irish,1.35
1155,2016,rudesheimer,3.11
1201,2079,ristretto,12.02
1224,2071,ristretto,10.95
1158,2049,breve,9.79
1067,2019,touba,14.51
1222,2065,peruvian,11.63
1175,2069,peruvian,9.67
1109,2026,au-lait,2.73
1028,2081,mazagran,4.22
1161,2074,pharisaer,10.81
1215,2062,pocillo,10.01
1028,2017,ristretto,8.27
1231,2015,breve,9.27
1225,2052,mexican,11.47
1125,2053,indonesian,9.51
1253,2015,doppio,12.68
1234,2097,melya,1.15
1037,2003,guatemalan,10.31
1267,2032,nicaraguan,11.62
1172,2070,au-lait,13.76
1219,2064,au-lait,7.09
1257,2031,macchiato,4.66
1271,2098,botz,8.85
1032,2033,ethiopian,4.19
1210,2024,cappuccino,11.75
1267,2098,indonesian,5.48
1145,2003,irish,7.25
1051,2015,cortado,1.72
1212,2065,bombon,7.28
1270,2019,touba,14.51
1224,2086,cortado,11.61
1284,2023,touba,9.68
1170,2030,gommosa,9.63
1138,2071,carajillo,8.40
1062,2032,guatemalan,13.02
1140,2015,breve,9.27
1167,2004,pocillo,14.32
1271,2009,peruvian,13.89
1205,2050,viennese,1.90
1062,2015,cortado,1.72
1100,2088,kona,1.89
1060,2040,mexican,9.97
1177,2052,irish,1.35
1039,2016,affogato,12.24
1099,2050,irish,14.92
1129,2058,doppio,6.51
1089,2071,antoccino,10.31
1070,2100,ristretto,11.86
1072,2034,antoccino,8.18
1095,2019,touba,14.51
1161,2033,nicaraguan,8.11
1067,2059,medici,1.86
1246,2011,guillermo,8.98
1027,2065,au-lait,10.24
1003,2061,medici,11.61
1099,2026,espresso,4.73
1120,2038,guillermo,10.18
1057,2037,rudesheimer,10.28
1200,2029,sumatran,4.69
1014,2043,decaffeinated,1.59
1214,2055,instant,11.08
1165,2075,pharisaer,11.78
1203,2001,affogato,1.10
1198,2098,au-lait,3.96
1061,2090,latte,5.99
1119,2039,cappuccino,2.56
1139,2038,gommosa,2.83
1048,2004,pocillo,14.32
1187,2081,mazagran,4.22
1073,2010,pocillo,5.67
1136,2081,costa rican,1.25
1105,2009,mexican,11.21
1006,2056,marocchino,2.57
1041,2012,kona,12.67
1264,2076,kona,1.40
1100,2022,mocha frappuccino,4.68
1172,2009,folgers,11.76
1144,2052,sumatran,2.99
1275,2018,venezuelan,3.05
1262,2010,mocha,8.96
1236,2058,macchiato,10.28
1224,2031,frappuccino,3.66
1016,2038,guillermo,10.18
1196,2094,rudesheimer,5.83
1147,2034,antoccino,8.18
1161,2016,costa rican,11.30
1154,2005,ristretto,10.45
1276,2057,touba,9.00
1111,2100,decaffeinated,14.35
1115,2054,guillermo,11.52
1030,2089,cappuccino,13.64
1019,2075,iced,8.01
1078,2019,touba,14.51
1003,2097,mazagran,9.16
1119,2017,ristretto,8.27
1147,2074,espresso,9.96
1024,2022,touba,9.55
1194,2058,affogato,10.67
1214,2016,zorro,12.21
1069,2015,cortado,1.72
1194,2075,cappuccino,7.24
1153,2057,touba,9.00
1245,2036,zorro,3.13
1072,2034,rudesheimer,11.80
1091,2079,frappuccino,4.11
1091,2079,frappuccino,4.11
1091,2079,frappuccino,4.11
1091,2079,frappuccino,4.11
1106,2098,mexican,9.66
1179,2076,folgers,14.47
1230,2008,medici,14.51
1170,2046,espresso,2.13
1192,2040,mocha,2.39
1070,2003,costa rican,4.78
1047,2039,cappuccino,2.56
1148,2020,kona,6.44
1277,2035,cappuccino,14.52
1058,2075,americano,13.78
1042,2098,indonesian,5.48
1103,2060,guillermo,5.18
1050,2001,touba,14.29
1101,2046,costa rican,3.10
1094,2080,marocchino,3.96
1079,2031,indonesian,13.91
1168,2060,shakerato,5.34
1212,2069,au-lait,7.21
1215,2009,peruvian,13.89
1205,2077,indonesian,13.08
1086,2086,kona,12.05
1157,2097,instant,13.59
1025,2059,instant,13.00
1055,2054,iced,1.61
1061,2095,canned,5.11
1170,2093,sumatran,12.88
1209,2098,doppio,4.24
1126,2058,latte,11.31
1208,2080,cappuccino,5.02
1098,2046,canned,12.21
1130,2039,palazzo,13.50
1029,2042,carajillo,13.29
1077,2084,irish,10.81
1134,2006,mocha,13.99
1152,2005,cubano,3.76
1022,2088,peruvian,11.85
1216,2047,guatemalan,13.54
1212,2087,latte,3.09
1187,2017,rudesheimer,7.57
1116,2099,columbian,11.71
1221,2079,carajillo,12.74
1092,2041,au-lait,11.78
1267,2022,viennese,2.68
1110,2020,irish,10.85
1041,2034,antoccino,8.18
1130,2057,ethiopian,8.06
1261,2087,espresso,13.04
1019,2099,columbian,11.71
1036,2100,mazagran,14.60
1133,2087,rudesheimer,3.23
1134,2058,instant,10.82
1165,2057,guillermo,1.08
1004,2050,viennese,1.90
1106,2087,gommosa,9.25
1019,2088,doppio,10.38
1095,2009,folgers,11.76
1140,2052,mexican,11.47
1111,2020,pocillo,14.92
1006,2019,costa rican,10.77
1013,2076,doppio,12.42
1087,2032,rudesheimer,14.93
1178,2087,nicaraguan,8.77
1118,2089,cappuccino,13.64
1110,2098,melya,11.52
1045,2087,rudesheimer,3.23
1132,2026,espresso,4.73
1171,2081,botz,1.11
1063,2007,viennese,9.34
1090,2063,irish,2.84
1078,2050,irish,14.92
1027,2086,pocillo,6.29
1197,2024,cortado,3.82
1267,2010,mocha frappuccino,1.97
1240,2064,mexican,8.26
1277,2065,bombon,7.28
1185,2087,espresso,13.04
1068,2046,espresso,2.13
1175,2005,ristretto,10.45
1114,2095,canned,5.11
1142,2015,touba,9.67
1167,2014,galao,1.64
1250,2064,pocillo,4.09
1200,2036,americano,4.98
1147,2067,affogato,6.34
1154,2097,melya,1.15
1080,2068,breve,4.60
1122,2014,palazzo,6.47
1238,2066,nicaraguan,4.05
1199,2065,bombon,7.28
1141,2009,folgers,11.76
1056,2057,ethiopian,8.06
1210,2046,costa rican,3.10
1256,2076,nicaraguan,5.08
1177,2078,antoccino,6.19
1112,2078,folgers,1.76
1254,2065,peruvian,11.63
1264,2086,pocillo,6.29
1149,2070,shakerato,1.98
1255,2037,espresso,7.24
1114,2001,macchiato,12.13
1228,2083,gommosa,12.59
1034,2044,mexican,7.23
1117,2072,costa rican,3.18
1083,2022,mocha frappuccino,4.68
1128,2033,nicaraguan,8.11
1056,2018,venezuelan,3.05
1015,2098,au-lait,3.96
1236,2091,instant,7.91
1037,2046,palazzo,6.76
1227,2065,mocha frappuccino,12.74
1007,2079,botz,14.34
1200,2086,pocillo,6.29
1091,2087,pocillo,12.45
1018,2057,ethiopian,8.06
1019,2048,breve,1.20
1102,2048,breve,1.20
1033,2053,indonesian,9.51
1177,2092,ethiopian,14.70
1152,2002,macchiato,10.11
1067,2062,latte,9.82
1186,2069,decaffeinated,8.55
1284,2071,antoccino,10.31
1193,2034,canned,7.31
1037,2004,breve,7.24
1215,2078,doppio,11.77
1194,2032,nicaraguan,11.62
1230,2051,sumatran,13.67
1064,2006,mocha,13.99
1175,2078,doppio,11.77
1017,2060,canned,13.87
1079,2067,nicaraguan,11.54
1135,2031,macchiato,4.66
1042,2007,botz,1.96
1084,2066,mexican,11.45
1039,2087,guatemalan,8.82
1019,2016,costa rican,11.30
1066,2099,folgers,9.46
1263,2033,instant,11.78
1064,2005,ristretto,10.45
1195,2042,doppio,8.04
1213,2072,espresso,2.20
1171,2029,costa rican,4.78
1217,2070,viennese,4.85
1077,2054,guillermo,11.52
1088,2095,canned,5.11
1212,2090,au-lait,6.98
1097,2056,sumatran,2.11
1074,2087,nicaraguan,8.77
1157,2025,viennese,6.62
1105,2065,au-lait,10.24
1160,2043,decaffeinated,1.59
1011,2007,viennese,9.34
1011,2007,viennese,9.34
1077,2038,gommosa,2.83
1070,2090,mocha frappuccino,14.09
1034,2010,iced,11.98
1250,2041,venezuelan,9.50
1005,2022,viennese,2.68
1204,2075,cortado,8.78
1107,2063,irish,2.84
1073,2047,guatemalan,13.54
1105,2043,decaffeinated,1.59
1029,2059,medici,1.86
1250,2017,ristretto,8.27
1041,2076,cortado,7.28
1088,2065,mocha frappuccino,12.74
1148,2080,costa rican,12.60
1063,2093,kona,9.09
1258,2019,touba,14.51
1215,2015,breve,9.27
1182,2001,decaffeinated,1.04
1031,2017,decaffeinated,3.18
1091,2087,gommosa,9.25
1211,2073,rudesheimer,13.12
1123,2091,mexican,13.61
1241,2030,cortado,12.53
1221,2019,irish,3.97
1089,2070,shakerato,1.98
1270,2100,iced,1.28
1064,2097,mazagran,9.16
1155,2063,mocha frappuccino,7.51
1100,2010,mocha,8.96
1277,2074,melya,14.22
1126,2091,columbian,11.48
1222,2043,antoccino,3.92
1194,2051,sumatran,13.67
1040,2090,mocha frappuccino,14.09
1188,2045,affogato,2.33
1176,2097,melya,1.15
1152,2028,guillermo,14.75
1218,2094,shakerato,6.23
1115,2071,galao,6.36
1177,2082,kona,11.81
1032,2087,marocchino,5.99
1055,2022,latte,4.74
1176,2055,instant,11.08
1145,2035,botz,9.97
1127,2007,botz,1.96
1243,2044,kona,11.08
1219,2020,kona,6.44
1247,2062,kona,2.40
1159,2022,viennese,2.68
1156,2058,mexican,10.42
1031,2071,ristretto,10.95
1276,2035,botz,9.97
1025,2069,decaffeinated,8.55
1008,2046,americano,5.85
1162,2081,viennese,11.55
1103,2079,botz,14.34
1257,2031,frappuccino,3.66
1089,2042,pharisaer,10.32
1255,2064,au-lait,7.09
1210,2093,latte,4.89
1096,2058,macchiato,10.28
1226,2016,americano,3.40
1226,2034,canned,7.31
1181,2017,rudesheimer,7.57
1237,2003,espresso,8.77
1068,2099,columbian,11.71
1067,2010,iced,11.98
1019,2006,bombon,4.91
1114,2032,guatemalan,13.02
1042,2002,cubano,12.91
1164,2079,ristretto,12.02
1014,2022,mocha frappuccino,4.68
1025,2026,mocha frappuccino,10.72
1020,2031,macchiato,4.66
1139,2079,mocha frappuccino,4.84
1042,2050,viennese,1.90
1041,2084,guillermo,3.62
1087,2031,frappuccino,3.66
1100,2026,galao,7.88
1055,2087,guatemalan,8.82
1018,2082,canned,11.19
1063,2062,columbian,3.82
1219,2068,breve,4.60
1125,2080,marocchino,3.96
1283,2026,mocha frappuccino,10.72
1177,2100,ristretto,11.86
1235,2035,costa rican,14.00
1210,2081,frappuccino,3.95
1069,2071,ristretto,10.95
1094,2071,shakerato,5.55
1077,2034,cubano,1.43
1029,2005,ristretto,10.45
1075,2043,antoccino,3.92
1096,2021,canned,13.80
1010,2004,cubano,12.42
1018,2023,espresso,4.43
1012,2031,medici,9.67
1193,2032,indonesian,10.50
1091,2087,guatemalan,8.82
1013,2081,costa rican,1.25
1185,2059,ethiopian,7.41
1280,2057,touba,9.00
1214,2065,mocha frappuccino,12.74
1034,2084,carajillo,1.93
1102,2039,columbian,11.15
1084,2098,doppio,4.24
1162,2040,gommosa,4.35
1064,2019,costa rican,10.77
1232,2010,kona,9.27
1217,2095,shakerato,1.58
1208,2026,au-lait,2.73
1208,2026,au-lait,2.73
1162,2048,breve,1.20
1228,2084,irish,10.81
1111,2002,macchiato,10.11
1107,2032,rudesheimer,14.93
1013,2066,mexican,11.45
1156,2010,mocha frappuccino,1.97
1281,2063,mocha frappuccino,7.51
1282,2020,pocillo,14.92
1018,2048,antoccino,12.45
1278,2022,viennese,2.68
1044,2084,guillermo,3.62
1108,2049,costa rican,4.43
1238,2035,costa rican,14.00
1127,2055,instant,11.08
1167,2033,instant,11.78
1111,2037,folgers,5.75
1008,2082,canned,11.19
1116,2077,costa rican,13.61
1280,2031,medici,9.67
1157,2012,kona,12.67
1068,2069,medici,12.95
1001,2091,nicaraguan,7.70
1001,2091,nicaraguan,7.70
1149,2068,breve,4.60
1019,2019,folgers,11.99
1014,2002,frappuccino,1.13
1212,2049,breve,9.79
1162,2085,indonesian,10.20
1150,2037,espresso,7.24
1139,2099,columbian,11.71
1144,2001,antoccino,8.27
1170,2100,ristretto,11.86
1162,2075,americano,13.78
1217,2101,guillermo,13.80
1099,2058,macchiato,10.28
1213,2091,columbian,11.48
1147,2072,peruvian,2.57
1154,2040,canned,14.57
1209,2045,affogato,2.33
1152,2024,cortado,3.82
1242,2065,au-lait,10.24
1009,2004,pocillo,14.32
1084,2002,cubano,12.91
1098,2076,nicaraguan,5.08
1196,2100,cappuccino,12.50
1219,2096,cappuccino,9.47
1187,2011,guillermo,8.98
1129,2085,gommosa,3.24
1003,2070,guillermo,11.74
1098,2012,gommosa,13.28
1229,2006,americano,13.80
1106,2023,macchiato,2.33
1252,2046,ethiopian,3.99
1131,2004,cubano,12.42
1235,2081,touba,5.58
1022,2005,cubano,3.76
1030,2085,indonesian,10.20
1102,2034,cubano,1.43
1102,2034,cubano,1.43
1144,2019,palazzo,6.63
1047,2053,cortado,2.14
1154,2085,kona,2.65
1136,2004,bombon,7.01
1172,2079,frappuccino,4.11
1135,2089,columbian,9.29
1169,2037,rudesheimer,10.28
1184,2006,mocha,13.99
1222,2077,irish,13.95
1062,2091,instant,7.91
1264,2091,columbian,11.48
1187,2096,guillermo,14.74
1238,2002,frappuccino,1.13
1018,2034,frappuccino,8.40
1004,2070,guillermo,11.74
1195,2051,mexican,8.95
1184,2090,cubano,14.84
1059,2008,venezuelan,7.94
1066,2001,affogato,1.10
1003,2055,irish,12.61
1258,2076,decaffeinated,12.19
1192,2060,canned,13.87
1006,2036,americano,4.98
1126,2028,instant,3.99
1062,2058,instant,10.82
1065,2015,zorro,6.06
1053,2070,shakerato,1.98
1113,2014,palazzo,6.47
1028,2011,pocillo,6.55
1264,2081,mazagran,4.22
1099,2014,cubano,4.09
1217,2080,cappuccino,5.02
1260,2022,mocha frappuccino,4.68
1192,2090,indonesian,3.92
1283,2077,irish,13.95
1079,2054,cubano,13.54
1381,2031,frappuccino,3.66
1065,2013,breve,12.42
1015,2001,columbian,10.77
1047,2010,mocha,8.96
1041,2022,shakerato,11.40
1146,2041,pharisaer,8.30
1248,2014,cubano,4.09
1068,2023,macchiato,2.33
1232,2086,cortado,11.61
1014,2047,guatemalan,13.54
1122,2077,peruvian,2.65
1209,2065,bombon,7.28
1202,2100,mazagran,14.60
1187,2027,melya,8.70
1248,2066,mexican,11.45
1191,2016,zorro,12.21
1091,2002,columbian,5.20
1197,2041,venezuelan,9.50
1263,2083,galao,3.41
1260,2083,mocha frappuccino,14.46
1021,2085,gommosa,3.24
1101,2089,viennese,4.07
1238,2053,peruvian,14.74
1082,2097,instant,13.59
1136,2090,mocha frappuccino,14.09
1120,2076,venezuelan,11.39
1254,2007,doppio,6.26
1087,2078,ethiopian,9.50
1258,2001,cappuccino,12.76
1001,2101,guillermo,13.80
1243,2032,rudesheimer,14.93
1023,2071,ethiopian,7.46
1275,2089,columbian,9.29
1275,2049,marocchino,7.23
1093,2082,canned,11.19
1170,2040,mocha,2.39
1248,2056,marocchino,2.57
1147,2062,canned,7.92
1232,2098,indonesian,5.48
1096,2095,canned,5.11
1181,2082,kona,11.81
1101,2100,decaffeinated,14.35
1116,2075,cappuccino,7.24
1151,2058,instant,10.82
1129,2055,irish,12.61
1008,2054,viennese,12.74
1112,2022,viennese,2.68
1206,2074,melya,14.22
1203,2063,irish,2.84
1210,2080,nicaraguan,8.31
1171,2024,cappuccino,11.75
1282,2097,instant,13.59
1280,2035,costa rican,14.00
1127,2064,pocillo,4.09
1069,2074,canned,2.41
1171,2022,shakerato,11.40
1244,2051,mexican,8.95
1042,2023,macchiato,2.33
1190,2062,pocillo,10.01
1178,2014,touba,9.76
1249,2014,sumatran,7.63
1191,2071,galao,6.36
1231,2017,ristretto,8.27
1243,2066,cortado,8.41
1102,2031,medici,9.67
1222,2090,au-lait,6.98
1219,2085,galao,12.72
1247,2071,ethiopian,7.46
1038,2030,gommosa,9.63
1180,2036,ristretto,9.28
1076,2041,au-lait,11.78
1019,2070,guillermo,11.74
1220,2019,ristretto,8.30
1072,2026,mocha frappuccino,10.72
1078,2085,indonesian,10.20
1233,2072,espresso,2.20
1267,2004,gommosa,5.45
1276,2022,touba,9.55
1207,2022,cappuccino,2.74
1144,2062,viennese,12.61
1242,2039,mazagran,8.67
1012,2101,guillermo,13.80
1239,2040,macchiato,10.99
1273,2057,guillermo,1.08
1159,2041,venezuelan,9.50
1010,2053,indonesian,9.51
1080,2090,latte,5.99
1161,2077,peruvian,2.65
1029,2098,botz,8.85
1155,2060,guillermo,5.18
1021,2075,guatemalan,2.57
1014,2062,pocillo,10.01
1179,2042,mazagran,9.50
1243,2077,indonesian,13.08
1137,2078,ethiopian,9.50
1043,2045,au-lait,9.29
1161,2048,breve,1.20
1176,2035,botz,9.97
1047,2041,marocchino,5.51
1155,2034,frappuccino,8.40
1087,2042,doppio,8.04
1055,2072,instant,6.72
1100,2093,frappuccino,10.70
1074,2068,bombon,13.59
1074,2068,bombon,13.59
1010,2072,instant,6.72
1041,2085,cappuccino,3.81
1183,2036,ristretto,9.28
1252,2045,espresso,3.57
1252,2029,au-lait,3.61
1239,2094,rudesheimer,5.83
1054,2081,botz,1.11
1221,2022,gommosa,8.48
1269,2032,rudesheimer,14.93
1083,2070,latte,9.15
1248,2093,ristretto,13.76
1130,2081,mazagran,4.22
1255,2019,costa rican,10.77
1076,2011,guillermo,8.98
1005,2087,latte,3.09
1137,2057,touba,9.00
1157,2053,peruvian,14.74
1126,2014,galao,1.64
1094,2006,americano,13.80
1163,2087,rudesheimer,3.23
1054,2067,affogato,6.34
1166,2032,nicaraguan,11.62
1197,2036,costa rican,1.60
1201,2065,cortado,1.39
1208,2058,latte,11.31
1034,2070,latte,9.15
1187,2066,cortado,8.41
1234,2076,doppio,12.42
1282,2091,instant,7.91
1159,2060,antoccino,6.59
1169,2039,cubano,1.03
1054,2071,ethiopian,7.46
1275,2036,costa rican,1.60
1087,2067,nicaraguan,11.54
1052,2093,viennese,4.75
1011,2072,instant,6.72
1182,2098,doppio,4.24
1012,2026,mocha frappuccino,10.72
1094,2019,palazzo,6.63
1139,2013,latte,4.41
1248,2069,decaffeinated,8.55
1129,2064,au-lait,7.09
1129,2089,antoccino,3.43
1271,2065,peruvian,11.63
1258,239,mazagran,8.67
1265,2027,melya,8.70
1123,2003,irish,7.25
1173,2022,latte,4.74
1093,2010,iced,11.98
1158,2032,rudesheimer,14.93
1136,2045,affogato,2.33
1170,2081,viennese,11.55
1241,2059,mazagran,8.67
1022,2028,guillermo,14.75
1121,2014,touba,9.76
1055,2058,doppio,6.51
1083,2074,botz,4.65
1034,2077,irish,13.95
1110,2014,palazzo,6.47
1210,2093,carajillo,3.10
1069,2100,decaffeinated,14.35
1259,2087,latte,3.09
1199,2059,gommosa,4.81
1118,2075,viennese,3.84
1073,2080,cappuccino,5.02
1013,2091,instant,7.91
1189,2013,breve,12.42
1159,2005,iced,3.62
1213,2080,marocchino,3.96
1140,2058,instant,10.82
1230,2091,palazzo,4.47
1129,2054,guillermo,11.52
1149,2043,kona,1.12
1234,2080,costa rican,12.60
1279,2010,mocha,8.96
1150,2002,canned,6.27
1126,2002,macchiato,10.11
1080,2068,bombon,13.59
1242,2026,espresso,4.73
1216,2059,mazagran,8.67
1074,2058,costa rican,3.78
1143,2057,guatemalan,7.27
1277,2033,ethiopian,4.19
1146,2029,mocha,3.68
1066,2077,guatemalan,7.62
1249,2034,canned,7.31
1039,2044,americano,12.66
1144,2052,canned,11.95
1222,2066,mazagran,2.27
1067,2079,carajillo,12.74
1006,2048,mazagran,8.75
1110,2010,iced,11.98
1101,2017,folgers,1.16
1266,2011,guillermo,8.98
1172,2039,palazzo,13.50
1217,2029,sumatran,4.69
1173,2080,cappuccino,5.02
1249,2054,cubano,13.54
1164,2050,irish,14.92
1236,2022,latte,4.74
1117,2036,zorro,3.13
1273,2090,indonesian,3.92
1116,2054,venezuelan,4.32
1011,2076,cortado,7.28
1194,2032,guatemalan,13.02
1044,2065,peruvian,11.63
1119,2088,kona,1.89
1002,2091,mexican,13.61
1144,2026,au-lait,2.73
1174,2026,mocha frappuccino,10.72
1072,2043,kona,1.12
1138,2101,guillermo,13.80
1154,2017,ristretto,8.27
1149,2060,guillermo,5.18
1101,2004,pocillo,14.32
1124,2057,guatemalan,7.27
1183,2023,touba,9.68
1279,2093,frappuccino,10.70
1284,2077,peruvian,2.65
1035,2017,folgers,1.16
1132,2059,gommosa,4.81
1031,2081,touba,5.58
1259,2049,palazzo,4.27
1023,2083,palazzo,11.88
1048,2066,mazagran,2.27
1235,2020,pocillo,14.92
1181,2049,peruvian,5.74
1023,2033,nicaraguan,8.11
1099,2045,affogato,2.33
1056,2083,mocha frappuccino,14.46
1125,2024,au-lait,6.11
1221,2040,mexican,9.97
1080,2079,mocha frappuccino,4.84
1096,2051,mexican,8.95
1017,2096,cappuccino,9.47
1003,2020,pocillo,14.92
1168,2052,mexican,11.47
1067,2070,viennese,4.85
1248,2060,antoccino,6.59
1218,2070,viennese,4.85
1284,2047,guatemalan,13.54
1215,2076,columbian,7.42
1225,2039,mazagran,8.67
1126,2098,au-lait,3.96
1121,2079,mexican,6.14
1263,2046,ethiopian,3.99
1032,2097,venezuelan,3.53
1235,2046,americano,5.85
1093,2093,kona,9.09
1051,2050,frappuccino,8.74
1025,2071,shakerato,5.55
1265,2087,guatemalan,8.82
1175,2053,cortado,2.14
1162,2032,guatemalan,13.02
1059,2052,canned,11.95
1224,2036,americano,4.98
1061,2076,nicaraguan,5.08
1254,2023,macchiato,2.33
1254,2023,macchiato,2.33
1188,2046,americano,5.85
1203,2098,au-lait,3.96
1150,2089,columbian,9.29
1037,2013,breve,12.42
1113,2070,espresso,2.18
1147,2015,cortado,1.72
1013,2078,folgers,1.76
1081,2033,nicaraguan,8.11
1048,2001,touba,14.29
1067,2086,kona,12.05
1023,2022,viennese,2.68
1212,2083,galao,3.41
1106,2089,columbian,9.29
1068,2090,cubano,14.84
1230,2057,guillermo,1.08
1257,2034,cubano,1.43
1202,2066,nicaraguan,4.05
1069,2101,au-lait,4.89
1098,2091,palazzo,4.47
1137,2074,pharisaer,10.81
1113,2046,costa rican,3.10
1140,2099,folgers,9.46
1155,2080,costa rican,12.60
1164,2019,melya,2.55
1053,2051,guillermo,12.25
1223,2015,doppio,12.68
1174,2001,affogato,1.10
1109,2044,kona,11.08
1222,2055,irish,12.61
1222,2055,irish,12.61
1170,2079,carajillo,12.74
1163,2019,palazzo,6.63
1197,2090,cubano,14.84
1143,2036,americano,4.98
1116,2020,irish,10.85
1120,2056,sumatran,2.11
1270,2089,columbian,9.29
1201,2092,ethiopian,14.70
1110,2071,shakerato,5.55
1200,2004,pocillo,14.32
1223,2016,cappuccino,1.56
1029,2049,costa rican,4.43
1143,2098,melya,11.52
1096,2076,decaffeinated,12.19
1001,2024,cortado,3.82
1249,2026,galao,7.88
1273,2091,au-lait,4.33
1048,2089,cappuccino,13.64
1148,2052,canned,11.95
1134,2063,irish,2.84
1244,2014,sumatran,7.63
1005,2060,guillermo,5.18
1233,2089,viennese,4.07
1080,2021,folgers,6.66
1093,2059,gommosa,4.81
1051,2054,guillermo,11.52
1104,2079,ristretto,12.02
1094,2081,botz,1.11
1084,2076,doppio,12.42
1046,2062,columbian,3.82
1154,2087,gommosa,9.25
1056,2053,peruvian,14.74
1146,2049,palazzo,4.27
1105,2011,gommosa,12.35
1140,2076,nicaraguan,5.08
1021,2033,ethiopian,4.19
1105,2053,indonesian,9.51
1160,2027,melya,8.70
1004,2065,peruvian,11.63
1172,2090,latte,5.99
1213,2056,palazzo,13.82
1056,2081,touba,5.58
1194,2100,decaffeinated,14.35
1027,2002,cubano,12.91
1036,2019,touba,14.51
1224,2071,antoccino,10.31
1182,2001,macchiato,12.13
1245,2031,macchiato,4.66
1069,2100,iced,1.28
1030,2050,irish,14.92
1244,2066,mexican,11.45
1088,2062,mocha frappuccino,14.07
1281,2016,cappuccino,1.56
1193,2091,instant,7.91
1061,2030,nicaraguan,4.58
1150,2023,macchiato,2.33
1007,2019,melya,2.55
1003,2060,antoccino,6.59
1148,2052,mexican,11.47
1179,2060,costa rican,6.30
1151,2071,ristretto,10.95
1130,2080,nicaraguan,8.31
1003,2077,galao,4.77
1260,2010,mocha,8.96
1110,2045,peruvian,6.85
1107,2078,folgers,1.76
1229,2038,mocha,8.29
1243,2070,espresso,2.18
1058,2091,instant,7.91
1016,2003,mocha,14.26
1002,2038,guillermo,10.18
1247,2033,nicaraguan,8.11
1111,2082,canned,11.19
1095,2024,cortado,3.82
1175,2094,shakerato,6.23
1216,2044,mexican,7.23
1008,2101,au-lait,4.89
1257,2029,mocha,3.68
1212,2075,mazagran,11.24
1070,2006,bombon,4.91
1177,2100,touba,3.11
1262,2046,melya,1.59
1094,2089,viennese,4.07
1087,2001,cappuccino,12.76
1157,2039,palazzo,13.50
1248,2078,ethiopian,9.50
1107,2058,instant,10.82
1227,2034,cubano,1.43
1153,2006,venezuelan,5.66
1048,2088,doppio,10.38
1105,2086,cortado,11.61
1060,2082,doppio,5.07
1237,2002,nicaraguan,13.08
1060,2075,cortado,8.78
1041,2049,palazzo,4.27
1174,2086,cortado,11.61
1176,2066,mexican,11.45
1116,2064,pocillo,4.09
1029,2085,cappuccino,3.81
1066,2046,espresso,2.13
1206,2008,bombon,2.82
1069,2036,ristretto,9.28
1260,2011,gommosa,12.35
1038,2018,kona,4.50
1258,2095,canned,5.11
1031,2003,mocha frappuccino,9.58
1209,2078,antoccino,6.19
1109,2085,gommosa,3.24
1129,2032,nicaraguan,11.62
1250,2039,palazzo,13.50
1048,2049,breve,9.79
1168,2003,irish,7.25
1255,2087,nicaraguan,8.77
1125,2091,au-lait,4.33
1205,2035,rudesheimer,4.36
1048,2013,canned,5.24
1136,2046,americano,5.85
1226,2031,macchiato,4.66
1113,2020,pocillo,14.92
1169,2078,folgers,1.76
1216,2078,folgers,1.76
1191,2035,costa rican,14.00
1222,2093,viennese,4.75
1065,2085,kona,2.65
1260,2053,indonesian,9.51
1048,2075,americano,13.78
1234,2035,cappuccino,14.52
1167,2041,pharisaer,8.30
1014,2077,peruvian,2.65
1112,2034,rudesheimer,11.80
1091,2039,palazzo,13.50
1166,2030,indonesian,6.52
1095,2075,pharisaer,11.78
1005,2006,bombon,4.91
1002,2075,americano,13.78
1206,2088,doppio,10.38
1208,2004,pocillo,14.32
1166,2028,cubano,4.32
1178,2021,canned,13.80
1178,2021,canned,13.80
1158,2036,zorro,3.13
1079,2038,mocha,8.29
1258,2076,columbian,7.42
1015,2016,costa rican,11.30
1105,2029,zorro,6.99
1081,2007,doppio,6.26
1245,2085,touba,6.63
1113,2077,galao,4.77
1082,2086,cortado,11.61
1130,2026,au-lait,2.73
1160,2040,mocha,2.39
1212,2039,mazagran,8.67
1121,2053,cortado,2.14
1161,2087,latte,3.09
1275,2076,cortado,7.28
1102,2013,breve,12.42
1024,2046,palazzo,6.76
1027,2099,gommosa,4.78
1054,2001,pharisaer,7.76
1057,2062,shakerato,11.68
1144,2067,nicaraguan,11.54
1098,2098,melya,11.52
1072,2007,doppio,6.26
1167,2091,au-lait,4.33
1267,2070,au-lait,13.76
1111,2037,espresso,7.24
1211,2082,kona,11.81
1120,2045,mazagran,10.05
1171,2049,peruvian,5.74
1053,2032,guatemalan,13.02
1047,2100,decaffeinated,14.35
1142,2062,pocillo,10.01
1179,2031,medici,9.67
1264,2040,macchiato,10.99
1161,2027,melya,8.70
1148,2079,ristretto,12.02
1096,2020,kona,6.44
1092,2086,kona,12.05
1233,2072,indonesian,2.09
1026,2050,viennese,1.90
1152,2013,breve,12.42
1253,2032,touba,10.61
1266,2073,rudesheimer,13.12
1051,2048,breve,1.20
1137,2022,shakerato,11.40
1160,2047,guatemalan,13.54
1113,2018,guillermo,9.53
1235,2062,pocillo,10.01
1217,2095,canned,5.11
1268,2098,melya,11.52
1037,2081,touba,5.58
1082,2015,breve,9.27
1196,2075,doppio,1.20
1255,2008,venezuelan,7.94
1229,2018,guillermo,9.53
1270,2079,mocha frappuccino,4.84
1045,2015,breve,9.27
1197,2060,shakerato,5.34
1239,2096,guillermo,14.74
1239,2077,indonesian,13.08
1199,2018,venezuelan,3.05
1203,2017,doppio,7.32
1230,2062,viennese,12.61
1027,2048,antoccino,12.45
1151,2066,mexican,11.45
1126,2028,cubano,4.32
1169,2060,guillermo,5.18
1230,2046,espresso,2.13
1024,2042,doppio,8.04
1069,2049,peruvian,5.74
1052,2099,decaffeinated,1.21
1267,2041,carajillo,13.91
1121,2095,affogato,1.40
1221,2013,canned,5.24
1190,2057,guillermo,1.08
1029,2022,mocha frappuccino,4.68
1281,2028,iced,10.92
1182,2015,doppio,12.68
1071,2040,mocha,2.39
1152,2076,cortado,7.28
1110,2071,galao,6.36
1282,2014,sumatran,7.63
1093,2006,americano,13.80
1124,2028,iced,10.92
1105,2036,ristretto,9.28
1052,2081,mazagran,4.22
1258,2100,ristretto,11.86
1201,2077,indonesian,13.08
1201,2035,gommosa,10.11
1109,2081,touba,5.58
1116,2022,cappuccino,2.74
1182,2004,bombon,7.01
1093,2043,canned,9.90
1214,2060,antoccino,6.59
1208,2059,gommosa,4.81
1006,2092,ethiopian,14.70
1269,2092,ethiopian,14.70
1127,2004,breve,7.24
1117,2065,nicaraguan,10.22
1210,2095,shakerato,1.58
1260,2010,rudesheimer,6.79
1105,2087,pocillo,12.45
1276,2087,espresso,13.04
1159,2015,zorro,6.06
1029,2005,cubano,3.76
1016,2088,kona,1.89
1230,2035,botz,9.97
1214,2081,viennese,11.55
1220,2049,breve,9.79
1096,2044,mexican,7.23
1226,2033,instant,11.78
1143,2083,palazzo,11.88
1143,2005,ristretto,10.45
1249,2086,cortado,11.61
1136,2042,pharisaer,10.32
1083,2062,latte,9.82
1274,2082,doppio,5.07
1179,2041,pharisaer,8.30
1220,2035,gommosa,10.11
1218,2021,folgers,6.66
1272,2091,cappuccino,12.37
1247,2053,indonesian,9.51
1246,2081,touba,5.58
1234,2051,ristretto,7.52
1251,2082,canned,11.19
1194,2091,au-lait,4.33
1045,2057,ethiopian,8.06
1194,2077,peruvian,2.65
1171,2019,touba,14.51
1220,2029,mocha,3.68
1166,2022,shakerato,11.40
1027,2039,cubano,1.03
1027,2039,cubano,1.03
1146,2091,nicaraguan,7.70
1089,2046,espresso,2.13
1161,2039,cappuccino,2.56
1094,2033,touba,2.20
1243,2054,guillermo,11.52
1018,2004,cubano,12.42
1229,2004,cubano,12.42
1024,2088,doppio,10.38
1009,2033,ethiopian,4.19
1276,2049,palazzo,4.27
1275,2041,venezuelan,9.50
1241,2015,breve,9.27
1213,2008,medici,14.51
1126,2022,cappuccino,2.74
1111,2091,nicaraguan,7.70
1117,2015,breve,9.27
1224,2010,kona,9.27
1161,2022,cappuccino,2.74
1100,2059,gommosa,4.81
1078,2069,peruvian,9.67
1099,2053,indonesian,9.51
1034,2031,macchiato,4.66
1176,2063,columbian,8.31
1072,2096,guillermo,14.74
1222,2030,indonesian,6.52
1201,2008,bombon,2.82
1151,2015,cortado,1.72
1189,2070,guillermo,11.74
1020,2047,guatemalan,13.54
1085,2045,mazagran,10.05
1032,2075,guatemalan,2.57
1129,2066,mexican,11.45
1145,2097,venezuelan,3.53
1171,2075,viennese,3.84
1230,2070,shakerato,1.98
1068,2040,doppio,8.87
1185,2019,ristretto,8.30
1185,2019,ristretto,8.30
1093,2001,macchiato,12.13
1012,2021,canned,13.80
1104,2101,guillermo,13.80
1042,2090,indonesian,3.92
1165,2011,pocillo,6.55
1083,2060,breve,2.11
1143,2017,decaffeinated,3.18
1284,2098,au-lait,3.96
1119,2098,pocillo,12.05
1215,2019,costa rican,10.77
1175,2022,shakerato,11.40
1275,2068,bombon,13.59
1022,2043,kona,1.12
1166,2029,au-lait,3.61
1213,2054,iced,1.61
1141,2059,ethiopian,7.41
1118,2055,instant,11.08
1064,2081,botz,1.11
1080,2032,rudesheimer,14.93
1240,2037,rudesheimer,10.28
1242,2030,cortado,12.53
1177,2081,touba,5.58
1176,2008,bombon,2.82
1173,2043,decaffeinated,1.59
1124,2070,viennese,4.85
1209,2057,mocha frappuccino,8.20
1027,2038,cubano,4.34
1065,2053,peruvian,14.74
1191,2028,instant,3.99
1097,2002,macchiato,10.11
1090,2042,carajillo,13.29
1088,2024,cortado,3.82
1245,2022,shakerato,11.40
1254,2087,latte,3.09
1026,2087,latte,3.09
1064,2008,venezuelan,7.94
1099,2091,au-lait,4.33
1239,2005,cubano,3.76
1127,2014,palazzo,6.47
1262,2026,espresso,4.73
1272,2001,cappuccino,12.76
1195,2065,cortado,1.39
1186,2068,breve,4.60
1004,2037,folgers,5.75
1203,2084,guillermo,3.62
1209,2042,doppio,8.04
1066,2071,galao,6.36
1087,2043,kona,1.12
1241,2079,mexican,6.14
1195,2094,shakerato,6.23
1016,2083,gommosa,12.59
1019,2090,cubano,14.84
1179,2009,folgers,11.76
1229,2060,gommosa,3.96
1077,2093,kona,9.09
1037,2027,melya,8.70
1213,2023,macchiato,2.33
1235,2098,au-lait,3.96
1246,2098,mexican,9.66
1098,2060,peruvian,2.54
1284,2072,peruvian,2.57
1270,2022,shakerato,11.40
1129,2038,breve,7.27
1001,2078,antoccino,6.19
1024,2050,frappuccino,8.74
1064,2066,mazagran,2.27
1204,2077,indonesian,13.08
1262,2010,mocha frappuccino,1.97
1056,2071,antoccino,10.31
1126,2087,pocillo,12.45
1201,2032,nicaraguan,11.62
1277,2076,columbian,7.42
1143,2062,columbian,3.82
1002,2090,mocha frappuccino,14.09
1196,2034,frappuccino,8.40
1014,2059,bombon,7.14
1080,2066,mazagran,2.27
1003,2055,folgers,6.38
1067,2093,kona,9.09
1147,2093,ristretto,13.76
1256,2073,mazagran,14.87
1237,2016,zorro,12.21
1101,2054,viennese,12.74
1035,2037,folgers,5.75
1164,2028,cubano,4.32
1098,2076,venezuelan,11.39
1017,2039,columbian,11.15
1164,2078,ethiopian,9.50
1030,2019,touba,14.51
1110,2075,cappuccino,7.24
1219,2019,palazzo,6.63
1270,2071,ethiopian,7.46
1012,2098,botz,8.85
1163,2015,doppio,12.68
1005,2014,cubano,4.09
1069,2020,kona,6.44
1031,2084,carajillo,1.93
1025,2002,cubano,12.91
1111,2059,gommosa,4.81
1035,2055,folgers,6.38
1032,2026,au-lait,2.73
1234,2085,cappuccino,3.81
1270,2058,costa rican,3.78
1118,2070,shakerato,1.98
1262,2049,peruvian,5.74
1021,2062,pocillo,10.01
1147,2051,ristretto,7.52
1090,2044,mexican,7.23
1039,2010,iced,11.98
1039,2010,iced,11.98
1144,2004,bombon,7.01
1144,2004,bombon,7.01
1148,2022,viennese,2.68
1130,2049,breve,9.79
1095,2054,guillermo,11.52
1028,2071,shakerato,5.55
1041,2035,botz,9.97
1165,2065,au-lait,10.24
1158,2036,ristretto,9.28
1139,2001,pharisaer,7.76
1205,2046,costa rican,3.10
1198,2075,pharisaer,11.78
1180,2039,columbian,11.15
1227,2088,doppio,10.38
1084,2095,shakerato,1.58
1240,2058,latte,11.31
1098,2045,mazagran,10.05
1098,2045,mazagran,10.05
1157,2081,frappuccino,3.95
1037,2058,costa rican,3.78
1072,2035,gommosa,10.11
1106,2080,marocchino,3.96
1140,2062,columbian,3.82
1106,2032,touba,10.61
1207,2088,doppio,10.38
1266,2011,americano,11.49
1218,2035,costa rican,14.00
1006,2043,decaffeinated,1.59
1124,2093,frappuccino,10.70
1013,2039,cappuccino,2.56
1205,2059,medici,1.86
1137,2034,antoccino,8.18
1142,2078,antoccino,6.19
1063,2013,canned,5.24
1027,2049,costa rican,4.43
1038,2053,ethiopian,4.66
1082,2096,guillermo,14.74
1214,2038,mocha,8.29
1197,2001,touba,14.29
1114,2076,nicaraguan,5.08
1098,2082,affogato,7.03
1258,2076,venezuelan,11.39
1118,2007,doppio,6.26
1107,2068,bombon,13.59
1183,2093,sumatran,12.88
1069,2011,pocillo,6.55
1023,2015,zorro,6.06
1060,2031,indonesian,13.91
1039,2011,guillermo,8.98
1048,2046,espresso,2.13
1225,2062,shakerato,11.68
1166,2037,rudesheimer,10.28
1097,2087,espresso,13.04
1200,2075,guatemalan,2.57
1214,2053,indonesian,9.51
1212,2051,guillermo,12.25
1151,2049,breve,9.79
1204,2025,melya,12.00
1174,2003,mocha,14.26
1106,2034,frappuccino,8.40
1082,2069,medici,12.95
1253,2097,melya,1.15
1088,2073,mazagran,14.87
1040,2012,gommosa,13.28
1273,2058,latte,11.31
1147,2055,irish,12.61
1046,2082,doppio,5.07
1202,2013,breve,12.42
1111,2079,frappuccino,4.11
1111,2079,frappuccino,4.11
1111,2079,frappuccino,4.11
1111,2079,frappuccino,4.11
1111,2079,frappuccino,4.11
1078,2046,espresso,2.13
1078,2046,espresso,2.13
1030,2049,peruvian,5.74
1247,2002,nicaraguan,13.08
1155,2087,rudesheimer,3.23
1160,2052,mexican,11.47
1233,2008,medici,14.51
1282,2081,frappuccino,3.95
1175,2016,zorro,12.21
1138,2043,kona,1.12
1166,2087,gommosa,9.25
1166,2087,gommosa,9.25
1235,2034,antoccino,8.18
1188,2089,columbian,9.29
1241,2060,costa rican,6.30
1139,2076,doppio,12.42
1201,2039,cappuccino,2.56
1106,2017,decaffeinated,3.18
1171,2093,viennese,4.75
1153,2015,doppio,12.68
1199,2061,costa rican,10.91
1159,2078,folgers,1.76
1033,2082,doppio,5.07
1139,2048,antoccino,12.45
1185,2040,mexican,9.97
1225,2093,viennese,4.75
1148,2032,nicaraguan,11.62
1117,2041,au-lait,11.78
1030,2006,venezuelan,5.66
1236,2036,ristretto,9.28
1259,2098,melya,11.52
1131,2081,viennese,11.55
1074,2002,columbian,5.20
1057,2018,venezuelan,3.05
1037,2071,antoccino,10.31
1136,2046,ethiopian,3.99
1082,2062,mocha frappuccino,14.07
1210,2050,viennese,1.90
1152,2006,venezuelan,5.66
1216,2015,cortado,1.72
1056,2052,mexican,11.47
1097,2035,costa rican,14.00
1097,2035,costa rican,14.00
1069,2013,canned,5.24
1183,2044,americano,12.66
1141,2082,doppio,5.07
1237,2087,marocchino,5.99
1025,2001,antoccino,8.27
1065,2076,iced,3.45
1163,2046,palazzo,6.76
1132,2001,columbian,10.77
1085,2046,ethiopian,3.99
1142,2072,costa rican,3.18
1155,2031,indonesian,13.91
1004,2083,galao,3.41
1046,2039,cubano,1.03
1124,2001,cappuccino,12.76
1066,2016,affogato,12.24
1045,2069,medici,12.95
1011,2054,venezuelan,4.32
1131,2060,breve,2.11
1035,2033,touba,2.20
1245,2075,pharisaer,11.78
1088,2060,antoccino,6.59
1019,2065,au-lait,10.24
1090,2004,bombon,7.01
1148,2011,americano,11.49
1181,2081,frappuccino,3.95
1004,2077,irish,13.95
1270,2068,breve,4.60
1276,2019,costa rican,10.77
1118,2090,latte,5.99
1074,2037,folgers,5.75
1211,2083,mocha frappuccino,14.46
1197,2048,mazagran,8.75
1032,2067,affogato,6.34
1126,2029,costa rican,4.78
1138,2048,mazagran,8.75
1007,2034,frappuccino,8.40
1049,2014,sumatran,7.63
1089,2005,cubano,3.76
1036,2094,shakerato,6.23
1226,2061,medici,11.61
1200,2096,cappuccino,9.47
1275,2091,palazzo,4.47
1186,2004,cubano,12.42
1135,2028,guillermo,14.75
1075,2060,shakerato,5.34
1233,2042,pharisaer,10.32
1199,2043,decaffeinated,1.59
1097,2042,mazagran,9.50
1034,2069,medici,12.95
1149,2060,gommosa,3.96
1100,2002,cubano,12.91
1051,2075,pharisaer,11.78
1048,2012,kona,12.67
1058,2004,pocillo,14.32
1242,2053,ethiopian,4.66
1214,2042,mazagran,9.50
1195,2072,costa rican,3.18
1207,2015,zorro,6.06
1111,2079,botz,14.34
1138,2032,nicaraguan,11.62
1269,2098,au-lait,3.96
1055,2042,pharisaer,10.32
1166,2045,affogato,2.33
1030,2019,irish,3.97
1232,2026,espresso,4.73
1054,2049,marocchino,7.23
1233,2041,au-lait,11.78
1137,2045,espresso,3.57
1131,2054,mexican,10.63
1226,2038,mocha,8.29
1136,2059,instant,13.00
1099,2075,americano,13.78
1117,2068,bombon,13.59
1211,2026,mocha frappuccino,10.72
1152,2089,antoccino,3.43
1002,2008,venezuelan,7.94
1179,2022,latte,4.74
1080,2009,peruvian,13.89
1276,2082,affogato,7.03
1175,2085,indonesian,10.20
1049,2077,guatemalan,7.62
1190,2058,latte,11.31
1121,2010,iced,11.98
1247,2062,canned,7.92
1079,2043,canned,9.90
1199,2031,medici,9.67
1077,2059,instant,13.00
1272,2026,mocha frappuccino,10.72
1100,2016,rudesheimer,3.11
1131,2001,pharisaer,7.76
1223,2033,touba,2.20
1090,2039,mazagran,8.67
1101,2019,ristretto,8.30
1016,2038,gommosa,2.83
1088,2027,melya,8.70
1189,2100,ristretto,11.86
1177,2022,cortado,5.80
1007,2044,mexican,7.23
1105,2024,cortado,3.82
1168,2058,mexican,10.42
1011,2094,rudesheimer,5.83
1216,2075,americano,13.78
1050,2071,ethiopian,7.46
1040,2019,melya,2.55
1014,2079,botz,14.34
1266,2026,galao,7.88
1145,2026,zorro,6.55
1084,2041,latte,8.61
1211,2060,antoccino,6.59
1041,2093,viennese,4.75
1247,2085,indonesian,10.20
1208,2051,sumatran,13.67
1217,2015,zorro,6.06
1258,2070,espresso,2.18
1238,2058,macchiato,10.28
1097,2034,rudesheimer,11.80
1021,2029,zorro,6.99
1270,2032,touba,10.61
1278,2053,iced,10.08
1074,2060,breve,2.11
1006,2019,melya,2.55
1282,2090,mocha frappuccino,14.09
1259,2028,guillermo,14.75
1232,2087,marocchino,5.99
1235,2088,peruvian,11.85
1254,2059,bombon,7.14
1158,2017,decaffeinated,3.18
1171,2057,mocha frappuccino,8.20
1096,2031,indonesian,13.91
1166,2094,costa rican,11.35
1083,2018,guillermo,9.53
1077,2078,doppio,11.77
1028,2076,nicaraguan,5.08
1131,2035,rudesheimer,4.36
1150,2038,guillermo,10.18
1132,2075,iced,8.01
1097,2055,instant,11.08
1256,2064,pocillo,4.09
1025,2029,au-lait,3.61
1284,2039,mazagran,8.67
1217,2004,cubano,12.42
1189,2030,nicaraguan,4.58
1135,2014,palazzo,6.47
1177,2059,mazagran,8.67
1211,2007,doppio,6.26
1206,2009,mexican,11.21
1148,2019,palazzo,6.63
1085,2063,mocha frappuccino,7.51
1079,2060,shakerato,5.34
1003,2100,cappuccino,12.50
1036,2098,pocillo,12.05
1081,2002,columbian,5.20
1197,2065,mocha frappuccino,12.74
1232,2075,cortado,8.78
1205,2057,guatemalan,7.27
1095,2077,costa rican,13.61
1165,2083,galao,3.41
1030,2090,indonesian,3.92
1212,2034,canned,7.31
1237,2022,touba,9.55
1018,2016,rudesheimer,3.11
1269,2083,mocha frappuccino,14.46
1127,2089,columbian,9.29
1268,2039,cappuccino,2.56
1182,2069,decaffeinated,8.55
1226,2070,shakerato,1.98
1237,2054,guillermo,11.52
1222,2031,indonesian,13.91
1223,2043,antoccino,3.92
1051,2049,marocchino,7.23
1250,2007,doppio,6.26
1031,2087,pocillo,12.45
1146,2028,instant,3.99
1175,2074,pharisaer,10.81
1251,2020,pocillo,14.92
1126,2077,peruvian,2.65
1015,2004,breve,7.24
1015,2004,breve,7.24
1268,2062,kona,2.40
1056,2041,carajillo,13.91
1070,2062,pocillo,10.01
1076,2046,canned,12.21
1157,2080,costa rican,12.60
1280,2038,breve,7.27
1071,2101,au-lait,4.89
1165,2023,folgers,8.46
1067,2041,au-lait,11.78
1067,2041,au-lait,11.78
1036,2097,mazagran,9.16
1237,2043,kona,1.12
1213,2053,indonesian,9.51
1254,2043,canned,9.90
1092,2100,ristretto,11.86
1147,2015,doppio,12.68
1174,2075,doppio,1.20
1043,2059,bombon,7.14
1034,2087,latte,3.09
1244,2056,sumatran,2.11
1063,2041,venezuelan,9.50
1230,2050,frappuccino,8.74
1022,2078,ethiopian,9.50
1205,2041,venezuelan,9.50
1226,2028,instant,3.99
1074,2050,viennese,1.90
1164,2054,guillermo,11.52
1182,2030,indonesian,6.52
1212,2097,mazagran,9.16
1203,2074,canned,2.41
1145,2065,bombon,7.28
1075,2076,doppio,12.42
1178,2084,guillermo,3.62
1193,2041,latte,8.61
1193,2041,latte,8.61
1103,2075,pharisaer,11.78
1034,2088,peruvian,11.85
1257,2090,latte,5.99
1051,2076,folgers,14.47
1192,2076,nicaraguan,5.08
1236,2035,gommosa,10.11
1142,2023,espresso,4.43
1011,2093,frappuccino,10.70
1052,2036,ristretto,9.28
1230,2076,columbian,7.42
1226,2083,mocha frappuccino,14.46
1049,2042,mazagran,9.50
1146,2009,folgers,11.76
1067,2091,cappuccino,12.37
1274,2063,columbian,8.31
1070,2001,columbian,10.77
1247,2039,mazagran,8.67
1084,2031,indonesian,13.91
1150,2011,gommosa,12.35
1038,2101,au-lait,4.89
1126,2055,folgers,6.38
1012,2071,carajillo,8.40
1243,2071,carajillo,8.40
1004,2090,cubano,14.84
1082,2016,americano,3.40
1154,2060,breve,2.11
1154,2077,costa rican,13.61
1162,2070,viennese,4.85
1160,2059,ethiopian,7.41
1064,2075,guatemalan,2.57
1052,2076,decaffeinated,12.19
1172,2032,guatemalan,13.02
1194,2099,folgers,9.46
1005,2019,melya,2.55
1278,2076,nicaraguan,5.08
1074,2062,canned,7.92
1131,2081,costa rican,1.25
1074,2008,bombon,2.82
1230,2057,mocha frappuccino,8.20
1110,2031,macchiato,4.66
1186,2039,cubano,1.03
1225,2034,canned,7.31
1076,2040,gommosa,4.35
1085,2032,guatemalan,13.02
1134,2013,latte,4.41
1095,2069,au-lait,7.21
1068,2026,au-lait,2.73
1068,2026,au-lait,2.73
1143,2051,sumatran,13.67
1086,2027,melya,8.70
1258,2017,ristretto,8.27
1193,2051,mexican,8.95
1242,2019,melya,2.55
1085,2009,mexican,11.21
1185,2035,costa rican,14.00
1252,2101,au-lait,4.89
1159,2059,medici,1.86
1028,2053,peruvian,14.74
1261,2014,cubano,4.09
1056,2085,touba,6.63
1070,2048,breve,1.20
1047,2075,iced,8.01
1154,2009,peruvian,13.89
1075,2050,frappuccino,8.74
1016,2032,rudesheimer,14.93
1261,2076,venezuelan,11.39
1111,2042,doppio,8.04
1202,2019,costa rican,10.77
1227,2004,cubano,12.42
1227,2004,cubano,12.42
1177,2070,au-lait,13.76
1193,2090,mocha frappuccino,14.09
1266,2048,breve,1.20
1115,2097,melya,1.15
1251,2010,affogato,14.48
1048,2081,costa rican,1.25
1134,2041,au-lait,11.78
1034,2032,nicaraguan,11.62
1238,2091,instant,7.91
1238,2015,breve,9.27
1213,2056,marocchino,2.57
1213,2056,marocchino,2.57
1063,2003,irish,7.25
1230,2031,indonesian,13.91
1096,2003,guatemalan,10.31
1046,2100,cappuccino,12.50
1024,2012,instant,3.15
1189,2080,cappuccino,5.02
1086,2073,mazagran,14.87
1180,2038,breve,7.27
1142,2036,americano,4.98
1084,2062,pocillo,10.01
1181,2060,antoccino,6.59
1196,2054,viennese,12.74
1242,2075,cortado,8.78
1075,2030,cortado,12.53
1098,2070,guillermo,11.74
1072,2059,instant,13.00
1164,2097,mazagran,9.16
1023,2099,gommosa,4.78
1200,2062,mocha frappuccino,14.07
1034,2083,mocha frappuccino,14.46
1236,2065,cortado,1.39
1030,2076,cortado,7.28
1248,2033,touba,2.20
1029,2045,affogato,2.33
1101,2081,mazagran,4.22
1148,2083,gommosa,12.59
1017,2051,guillermo,12.25
1224,2075,iced,8.01
1188,2100,mazagran,14.60
1207,2022,cortado,5.80
1248,2086,cortado,11.61
1012,2010,rudesheimer,6.79
1208,2047,guatemalan,13.54
1015,2015,zorro,6.06
1174,2020,kona,6.44
1256,2058,instant,10.82
1268,2011,americano,11.49
1097,2080,nicaraguan,8.31
1236,2059,kona,14.33
1059,2035,botz,9.97
1059,2035,botz,9.97
1032,2098,botz,8.85
1068,2072,costa rican,3.18
1063,2058,instant,10.82
1023,2003,guatemalan,10.31
1044,2071,ethiopian,7.46
1253,2034,rudesheimer,11.80
1007,2015,zorro,6.06
1092,2091,mexican,13.61
1015,2047,guatemalan,13.54
1216,2022,touba,9.55
1107,2048,mazagran,8.75
1263,2079,mocha frappuccino,4.84
1260,2076,kona,1.40
1164,2098,pocillo,12.05
1046,2013,latte,4.41
1177,2034,cubano,1.43
1114,2023,macchiato,2.33
1011,2046,ethiopian,3.99
1091,2045,mazagran,10.05
1018,2009,carajillo,12.93
1176,2060,canned,13.87
1088,2055,irish,12.61
1272,2028,cubano,4.32
1170,2074,botz,4.65
1177,2014,touba,9.76
1075,2065,cortado,1.39
1073,2007,viennese,9.34
1161,2045,au-lait,9.29
1192,2079,carajillo,12.74
1069,2008,bombon,2.82
1096,2070,shakerato,1.98
1254,2074,espresso,9.96
1112,2054,cubano,13.54
1213,2030,gommosa,9.63
1255,2019,folgers,11.99
1186,2019,irish,3.97
1148,2076,nicaraguan,5.08
1016,2079,mexican,6.14
1040,2095,shakerato,1.58
1257,2087,espresso,13.04
1127,2012,gommosa,13.28
1278,2017,rudesheimer,7.57
1254,2078,ethiopian,9.50
1275,2070,viennese,4.85
1020,2100,ristretto,11.86
1269,2044,americano,12.66
1199,2085,galao,12.72
1231,2065,mocha frappuccino,12.74
1107,2017,rudesheimer,7.57
1249,2052,sumatran,2.99
1188,2094,costa rican,11.35
1074,2003,irish,7.25
1017,2053,peruvian,14.74
1200,2002,canned,6.27
1036,2093,viennese,4.75
1162,2070,latte,9.15
1011,2011,americano,11.49
1085,2067,affogato,6.34
1230,2090,mocha frappuccino,14.09
1067,2060,antoccino,6.59
1219,2085,kona,2.65
1231,2081,costa rican,1.25
1105,2076,gommosa,9.76
1153,2040,macchiato,10.99
1019,2045,peruvian,6.85
1185,2075,cappuccino,7.24
1170,2064,mexican,8.26
1216,2083,mocha frappuccino,14.46
1263,2002,cubano,12.91
1116,2028,cubano,4.32
1063,2066,mexican,11.45
1103,2043,antoccino,3.92
1183,2087,rudesheimer,3.23
1026,2019,irish,3.97
1051,2087,espresso,13.04
